Date,Return
2015-08-07,
2015-08-10,0.00403483024411575
2015-08-11,-0.04885983884368304
2015-08-12,0.08788864179312138
2015-08-13,0.1351144212409203
2015-08-14,-0.013332884194957666
2015-08-17,-0.011080236785252825
2015-08-18,0.002088034272615124
2015-08-19,-0.05094629693583542
2015-08-20,0.0551651620844975
2015-08-21,-0.030860947481142667
2015-08-24,-0.046231025922448876
2015-08-25,0.010523214145781355
2015-08-26,-0.003992225457708103
2015-08-27,-0.0027055122751304464
2015-08-28,0.046114681511845834
2015-08-31,-0.005925354397199401
2015-09-01,-0.0027315145623888516
2015-09-02,-0.03749716616161759
2015-09-03,0.01641402909005458
2015-09-04,0.027764555457021525
2015-09-08,0.00180193811948429
2015-09-09,-0.012173786530746127
2015-09-10,0.00350531454971681
2015-09-11,-0.06416711025907697
2015-09-14,0.021314900067410287
2015-09-15,0.002590760012277294
2015-09-16,-0.00014933622512245705
2015-09-17,-0.016834205405069313
2015-09-18,-0.013668953942442698
2015-09-21,0.013211229408592793
2015-09-22,-0.04934590583389655
2015-09-23,0.040348296036697574
2015-09-24,-0.036703205696067887
2015-09-25,-0.05422202604899691
2015-09-28,-0.059170602759279614
2015-09-29,0.03435767918972174
2015-09-30,0.025712052533505524
2015-10-01,-0.01817839137445131
2015-10-02,0.00923048294977422
2015-10-05,0.0019461151177793243
2015-10-06,0.021674681804624427
2015-10-07,-0.017741998230362988
2015-10-08,0.013058425079014361
2015-10-09,0.010199528145193261
2015-10-12,0.016317275649997784
2015-10-13,-0.017618648850985956
2015-10-14,-0.05131694038026001
2015-10-15,0.044075643451266265
2015-10-16,-0.008874734915289069
2015-10-19,0.0006113319941151371
2015-10-20,-0.031844521860274005
2015-10-21,-0.018224234027305757
2015-10-22,0.14611514750390028
2015-10-23,-0.0177482828281592
2015-10-26,0.03894422541394824
2015-10-27,0.058861146236131076
2015-10-28,0.07021961744791022
2015-10-29,0.046510640555472854
2015-10-30,0.014830943632960603
2015-11-03,0.048150298247138165
2015-11-04,-0.07045008644101218
2015-11-05,0.01874905886571246
2015-11-06,0.031024285363184936
2015-11-09,0.0008911588053037286
2015-11-10,-0.057883851815168995
2015-11-11,-0.07144996880781437
2015-11-12,0.06905587682711731
2015-11-13,0.000984902988390152
2015-11-16,0.015531972816163496
2015-11-17,0.027562014057283642
2015-11-18,0.01012864176887579
2015-11-19,-0.02599839305499714
2015-11-20,-0.005859101822101769
2015-11-23,-0.016199967537941944
2015-11-24,-0.005243251651397136
2015-11-25,-0.005828051102108156
2015-11-27,0.013752736658725563
2015-11-30,0.007401998737911423
2015-12-01,-0.009434316561415974
2015-12-02,-0.02157733579844172
2015-12-03,-0.0024334532841989833
2015-12-04,0.01261795699454839
2015-12-07,-0.018596955338747598
2015-12-08,0.018519543163580746
2015-12-09,-0.005677560135254292
2015-12-10,0.014910848651813228
2015-12-11,0.030862513463127683
2015-12-14,0.028035033256331575
2015-12-15,0.01728605091902258
2015-12-16,-0.056897730234460854
2015-12-17,0.049698372840665084
2015-12-18,-0.014225976589149078
2015-12-21,-0.044245609910021216
2015-12-22,-0.007816120234185809
2015-12-23,0.002066542333029353
2015-12-24,0.0048706125850548464
2015-12-28,-0.013795138433551783
2015-12-29,0.005634774524818197
2015-12-30,0.005419900583356901
2015-12-31,0.015078978865257962
2016-01-04,-0.01156188080934948
2016-01-05,0.0016457366174169332
2016-01-06,-0.000438167743901788
2016-01-07,0.0055715637689423125
2016-01-08,0.005995957952835278
2016-01-11,0.02660809397659022
2016-01-12,0.03956122653223385
2016-01-13,-0.04302863831349259
2016-01-14,0.0060115517761858885
2016-01-15,-0.029091315599169373
2016-01-19,-0.05205520803527873
2016-01-20,0.100460052461381
2016-01-21,-0.00213012190436182
2016-01-22,-0.009244826986858034
2016-01-25,0.045867417049874994
2016-01-26,-0.01969212593682293
2016-01-27,0.01289762153423862
2016-01-28,0.013854823411710933
2016-01-29,-0.018296318775346553
2016-02-02,0.038726021220828334
2016-02-03,0.0016664808318326832
2016-02-04,0.015643809216707542
2016-02-05,-0.011658404450299389
2016-02-08,0.008899581784474326
2016-02-09,0.05783301909763583
2016-02-10,0.05406088838139499
2016-02-11,0.13874353094473837
2016-02-12,-0.045707370845498994
2016-02-16,-0.044704203375685245
2016-02-17,-0.01720474656973653
2016-02-18,0.039316767137629764
2016-02-19,0.006012989502058048
2016-02-22,0.06416328856894557
2016-02-23,-0.004140381664753055
2016-02-24,0.02877009363694686
2016-02-25,-0.007375345294570021
2016-02-26,0.0019544380888136138
2016-02-29,-0.004972369522624353
2016-03-01,0.05842936317731081
2016-03-02,0.043557440454168754
2016-03-03,0.021839328867935916
2016-03-04,0.014037815520019953
2016-03-07,-0.034652864855741816
2016-03-08,0.00930517501649389
2016-03-09,0.05379409581118135
2016-03-10,-0.006937155692560614
2016-03-11,0.005863913616082838
2016-03-14,-0.05065246973681361
2016-03-15,0.01446002004778144
2016-03-16,0.003718441706405463
2016-03-17,-0.038981975314935385
2016-03-18,-0.019095676819380306
2016-03-21,0.05571022790727719
2016-03-22,-0.022698513948823114
2016-03-23,0.03285129580603911
2016-03-24,-0.029039258416203157
2016-03-28,0.031303413913472106
2016-03-29,0.006564077619702515
2016-03-30,0.0017063834150914474
2016-03-31,-0.011068266744072833
2016-04-01,0.008763467308427458
2016-04-04,-0.01421872358183303
2016-04-05,-0.02015638619279169
2016-04-06,0.013762443026260215
2016-04-07,-0.021522903944881645
2016-04-08,-0.008717311083761645
2016-04-11,-0.001094205629368965
2016-04-12,-0.0366990210779535
2016-04-13,0.011994328631478741
2016-04-14,0.013272481541020191
2016-04-15,-0.003961711239396577
2016-04-18,-0.01453057700258064
2016-04-19,0.0008153862381286578
2016-04-20,-0.011977927773970299
2016-04-21,-0.01563637043734936
2016-04-22,-0.012660028639832257
2016-04-25,-0.016727560896166088
2016-04-26,0.007340607662708908
2016-04-27,0.0031969135964940508
2016-04-28,-0.016016651351747423
2016-04-29,0.01488271837617458
2016-05-03,-0.02534739331351745
2016-05-04,-0.0016120996806378255
2016-05-05,0.015770270536706196
2016-05-06,-0.0037903680543597724
2016-05-09,-0.009807352274090228
2016-05-10,0.0031643878049767518
2016-05-11,0.02401112742268185
2016-05-12,0.004870559067122538
2016-05-13,0.011495580485687188
2016-05-16,0.03623833121053276
2016-05-17,0.028242334701849912
2016-05-18,0.021618468362016377
2016-05-19,0.023188117781514264
2016-05-20,-0.014771759221050706
2016-05-23,-0.015411825219891869
2016-05-24,-0.01645204948383316
2016-05-25,0.004036898989350894
2016-05-26,-0.0016570806204060575
2016-05-27,-0.014262574005360202
2016-05-31,0.03335121341148328
2016-06-01,0.005964686208228182
2016-06-02,0.0009471314535765855
2016-06-03,0.018750270262354
2016-06-06,0.009327745320274309
2016-06-07,0.00931262502499651
2016-06-08,0.005093948500651806
2016-06-09,-0.002323621337700347
2016-06-10,-0.015754727489356236
2016-06-13,0.048743485673977904
2016-06-14,0.012595437594828715
2016-06-15,-0.0016476718638484531
2016-06-16,0.06234073838856465
2016-06-17,-0.07827059578752077
2016-06-20,-0.021272045920494965
2016-06-21,0.0045399210765932774
2016-06-22,-0.01669723217392282
2016-06-23,0.024413383752207158
2016-06-24,0.02253491247606698
2016-06-27,0.005604750634458949
2016-06-28,-0.03243365908202693
2016-06-29,0.020585645635318874
2016-06-30,0.009432012002495153
2016-07-01,-0.0005378211456331314
2016-07-05,-0.028052374385392827
2016-07-06,0.007529331241068797
2016-07-07,-0.031140037520197655
2016-07-08,0.052251393769212215
2016-07-11,-0.01147753845035208
2016-07-12,0.008342072481041948
2016-07-13,-0.006930955400981295
2016-07-14,0.029526442246925428
2016-07-15,0.009981124528621611
2016-07-18,-0.005856315153870116
2016-07-19,0.015033229691666006
2016-07-20,0.017978121249819148
2016-07-21,0.00019487265138033076
2016-07-22,0.050975642609995424
2016-07-25,0.023376643016408526
2016-07-26,-0.03757984869872317
2016-07-27,0.02234816735241251
2016-07-28,-0.0008813319026277008
2016-07-29,0.0010861366493683398
2016-08-02,-0.11376457367516736
2016-08-03,0.10149018060561558
2016-08-04,0.024840470773128998
2016-08-05,-0.004335588097908012
2016-08-08,0.005134129204269399
2016-08-09,0.023832343550476105
2016-08-10,0.0023799467323783
2016-08-11,-0.013536849476915549
2016-08-12,
2016-08-15,0.0017402978492002089
2016-08-16,-0.0004363637854657128
2016-08-17,-0.008036688702499337
2016-08-18,0.005716130589029509
2016-08-19,0.002314196314382033
2016-08-22,0.0034030072201821204
2016-08-23,0.000557259319755365
2016-08-24,-0.010382442407909006
2016-08-25,0.002230225569674867
2016-08-26,-0.0023348620975624157
2016-08-29,0.004626398198739474
2016-08-30,-0.0021061647587122096
2016-08-31,-0.007463858652149621
2016-09-01,0.006365303032290796
2016-09-02,0.007874622657913428
2016-09-06,0.006107636550782041
2016-09-07,0.002565691811805563
2016-09-08,0.0032175521418061695
2016-09-09,-0.020787467055064325
2016-09-12,0.013600221303799894
2016-09-13,-0.013200257317985712
2016-09-14,0.0019191363920594245
2016-09-15,0.006213793864212082
2016-09-16,0.003995613194633316
2016-09-19,0.004152212488251273
2016-09-20,0.009219943679053542
2016-09-21,0.006709826175646928
2016-09-22,0.00013115924512491434
2016-09-23,-0.005284391671518758
2016-09-26,-0.002881425575480311
2016-09-27,0.004484712721745054
2016-09-28,0.008009583982407876
2016-09-29,-0.007543315785774326
2016-09-30,0.007056337966365664
2016-10-03,-0.0006717095514359012
2016-10-04,-0.006854773006276347
2016-10-05,-8.64602814732584e-05
2016-10-06,-0.0008782770193239682
2016-10-07,-0.006726766001484226
2016-10-10,0.002805861451450177
2016-10-11,-0.006091569941342167
2016-10-12,-0.0009439776450396797
2016-10-13,-0.0029785886069331148
2016-10-14,0.003964143826793215
2016-10-17,-0.003841234842133911
2016-10-18,0.0060385310244702485
2016-10-19,-0.0001952769679585062
2016-10-20,-0.007300373630479734
2016-10-21,-0.003439593724818076
2016-10-24,0.008140946288696879
2016-10-25,-0.0043306451856394024
2016-10-26,0.003030980067771626
2016-10-27,-0.0018912234459242108
2016-10-28,-0.01022712008779059
2016-10-31,-0.003009794623618318
2016-11-01,0.0033112962063470844
2016-11-02,-0.005591562826749085
2016-11-03,-0.018549223280932566
2016-11-04,0.009788328554798439
2016-11-07,0.011672939123544442
2016-11-08,0.0017442627053900193
2016-11-09,0.007147497468709621
2016-11-10,-0.014133751454760935
2016-11-11,-0.0005752303806469345
2016-11-14,-0.0006920878493131698
2016-11-15,0.01792404130734325
2016-11-16,0.012538969733866671
2016-11-17,0.021804546672378838
2016-11-18,0.002436021832760721
2016-11-21,0.013646732700802919
2016-11-22,0.00814044764235784
2016-11-23,0.0015584098018920829
2016-11-25,0.004250179318471305
2016-11-28,-0.0066273492143315675
2016-11-29,-0.0034340284661545906
2016-11-30,0.012088466742553518
2016-12-01,0.002868225134007635
2016-12-02,0.003098683186755653
2016-12-05,-0.006397069760036226
2016-12-06,0.019557390705961922
2016-12-07,0.01691998673835504
2016-12-08,0.00527791867093676
2016-12-09,0.002012180646830307
2016-12-12,-0.0018023634092973586
2016-12-13,-0.0038625606166436772
2016-12-14,-0.005240922860725472
2016-12-15,0.0016469630045095893
2016-12-16,-0.002528390695326995
2016-12-19,-0.003836686711295983
2016-12-20,0.014516776200632018
2016-12-21,0.011354714359124572
2016-12-22,0.001484229441401583
2016-12-23,0.014814175240201129
2016-12-27,0.00897192901509563
2016-12-28,0.008110505037707704
2016-12-29,0.00379013479267512
2016-12-30,-0.006787565117271037
2017-01-04,0.044704602285494846
2017-01-05,-0.036816541548928466
2017-01-06,-0.028138341085703192
2017-01-09,-0.006420476986218323
2017-01-10,0.010495416025394281
2017-01-11,-0.03273711872638241
2017-01-12,-0.0002633481399404508
2017-01-13,0.009445686992340541
2017-01-17,0.012386541274782633
2017-01-18,0.004155168442648835
2017-01-19,0.0013660653805846606
2017-01-20,0.0075570489325521755
2017-01-23,-0.006141574756660552
2017-01-24,0.006800756929493841
2017-01-25,0.0013979102068712385
2017-01-26,0.017765651024608385
2017-01-27,-0.004431223404542933
2017-01-30,-0.006358682500400519
2017-01-31,0.005575231157311535
2017-02-01,0.009147298721941928
2017-02-02,-0.0014804112854629216
2017-02-03,0.009246588982101414
2017-02-06,-0.001133008515339773
2017-02-07,0.0004710755547119279
2017-02-08,-0.0017611615559524811
2017-02-09,-0.013688201867352345
2017-02-10,0.013330289640126655
2017-02-13,0.00514991567751716
2017-02-14,0.017804227230821496
2017-02-15,0.001782312333579827
2017-02-16,-7.515781218060246e-05
2017-02-17,-0.0008470162751993628
2017-02-21,0.011233459482637612
2017-02-22,-0.00675276244718953
2017-02-23,0.0053478695590107195
2017-02-24,0.002026888404793065
2017-02-27,0.012579457261943042
2017-02-28,0.0017364454178636008
2017-03-01,0.033411487275644684
2017-03-02,0.003372056915837576
2017-03-03,0.01249494181089276
2017-03-06,0.001918794051688164
2017-03-07,-0.016758090587518742
2017-03-08,-0.029674009788220216
2017-03-09,0.012755636907800147
2017-03-10,-0.004370670025492324
2017-03-13,0.026608061280716824
2017-03-14,-0.005248436938215526
2017-03-15,0.03331703203566844
2017-03-16,0.01707561920641528
2017-03-17,-0.02278951390737632
2017-03-20,0.0021331540287236415
2017-03-21,-0.007725472945060086
2017-03-22,-0.011949756290863124
2017-03-23,0.003647666655747945
2017-03-24,0.007914006932368725
2017-03-27,0.010967083716682056
2017-03-28,0.010737226337223854
2017-03-29,0.007875968660509587
2017-03-30,0.0020920591430914847
2017-03-31,0.0028679200902290945
2017-04-03,-0.002957951098096854
2017-04-04,-0.0018896319921961838
2017-04-05,-0.0074701633423218065
2017-04-06,0.0065242591952487956
2017-04-07,-0.0018716504850059931
2017-04-10,0.0012452432737586662
2017-04-11,0.0013787766760721706
2017-04-12,-0.0009828896492791433
2017-04-13,-0.002587522940109271
2017-04-17,0.010711839745921797
2017-04-18,0.004197384792396203
2017-04-19,-0.005517403143191987
2017-04-20,0.01315391397023262
2017-04-21,-0.002161003229727819
2017-04-24,0.008485817825959575
2017-04-25,0.012717664704349384
2017-04-26,0.008873211596396605
2017-04-27,0.030202113102871825
2017-04-28,0.0124245394455173
2017-05-02,-0.0007891249315182774
2017-05-03,-0.00036696917473647353
2017-05-04,0.0261035367539227
2017-05-05,0.005215492504464262
2017-05-08,0.0060500619284407225
2017-05-09,0.008194757754269399
2017-05-10,0.015123186367194334
2017-05-11,0.006537892899151462
2017-05-12,-0.018436808648619265
2017-05-15,-0.002912003975734253
2017-05-16,0.0019392564234033578
2017-05-17,-0.015805292162937183
2017-05-18,0.028322122304499188
2017-05-19,0.03964025749963135
2017-05-22,0.02299064323916296
2017-05-23,0.024628593533848636
2017-05-24,0.039980146614094644
2017-05-25,-0.01036957104586965
2017-05-26,-0.011695583317235456
2017-05-30,0.01420539243488507
2017-05-31,0.015061649908989758
2017-06-01,0.010065569879537033
2017-06-02,0.013363324388023106
2017-06-05,0.016151192956372983
2017-06-06,0.016931278268607262
2017-06-07,-0.0056263809998258335
2017-06-08,0.009233728814952534
2017-06-09,-0.02041596517740237
2017-06-12,-0.0021753921491675142
2017-06-13,0.008778728407651025
2017-06-14,-0.023373479430144256
2017-06-15,-0.0035200816962829727
2017-06-16,0.004502511227166193
2017-06-19,0.020516382419404674
2017-06-20,5.163018889883363e-05
2017-06-21,0.0013748335047807456
2017-06-22,0.002673840079431649
2017-06-23,0.0038048798249501973
2017-06-26,-0.01951888962632825
2017-06-27,0.006004822157390524
2017-06-28,0.022515040376188296
2017-06-29,-0.02492995036583153
2017-06-30,-0.01155198538300973
2017-07-03,-0.010877203212542576
2017-07-05,0.0027511207421336763
2017-07-06,-0.009643008832839653
2017-07-07,-0.0053713908249298815
2017-07-10,-0.02701630052917244
2017-07-11,0.0012884954918827747
2017-07-12,0.034811829135625715
2017-07-13,-0.014366885804430813
2017-07-14,-0.01371179630636784
2017-07-17,0.05695687067542499
2017-07-18,0.03456804503996763
2017-07-19,-0.0031922728280153086
2017-07-20,0.06962286702533269
2017-07-21,-0.012148431268783929
2017-07-24,0.006390145172620318
2017-07-25,-0.020183926311658627
2017-07-26,0.0016800913118766457
2017-07-27,0.001160791117066566
2017-07-28,0.009897588285773746
2017-07-31,-0.0034546650773352406
2017-08-01,0.010446877385879592
2017-08-02,-0.00965878786094427
2017-08-03,0.01234100602221756
2017-08-04,-0.00019522390278966086
2017-08-07,0.017488310787647628
2017-08-08,0.010104262353843712
2017-08-09,-0.0053811893447362116
2017-08-10,-0.012789921146643696
2017-08-11,0.02187118206147562
2017-08-14,0.01491024775073541
2017-08-15,-0.009406285040201951
2017-08-16,0.014989710588872083
2017-08-17,-0.014817958839894825
2017-08-18,-0.00547864134686205
2017-08-21,0.007339304830298338
2017-08-22,0.013909319681006768
2017-08-23,0.0010713865627993689
2017-08-24,0.008979696480347585
2017-08-25,-0.0001621943269966208
2017-08-28,0.003477449095080537
2017-08-29,0.004923160146828225
2017-08-30,0.012504466985334303
2017-08-31,0.009613725307924521
2017-09-01,0.002636223545893982
2017-09-05,0.005090804114412761
2017-09-06,0.008148019771478113
2017-09-07,0.005827582925737523
2017-09-08,-0.016583286117398535
2017-09-11,0.0068242266633081776
2017-09-12,-0.004047543006293959
2017-09-13,-0.01409383793388642
2017-09-14,-0.035482123343791666
2017-09-15,0.03458688477667363
2017-09-18,0.03272765884840493
2017-09-19,-0.006001556460216016
2017-09-20,-0.001351239950114061
2017-09-21,-0.02018681849474678
2017-09-22,0.0013695430860643015
2017-09-25,0.0004163211996091754
2017-09-26,-0.0018905098577188552
2017-09-27,0.02490616740099033
2017-09-28,-0.002369842117630918
2017-09-29,0.0005466933805039712
2017-10-03,0.002490466406315131
2017-10-04,0.0019020776051545574
2017-10-05,0.002641057784458217
2017-10-06,0.009024828156738034
2017-10-09,-0.0007935293218570977
2017-10-10,0.002088881495424439
2017-10-11,0.007053937966339574
2017-10-12,0.010699863166452193
2017-10-13,0.018233677141873256
2017-10-16,0.002197537857882046
2017-10-17,-0.014674245408958725
2017-10-18,0.0029759925180311594
2017-10-19,0.002086701190156842
2017-10-20,0.006246831241894477
2017-10-23,-0.008684590289719959
2017-10-24,-0.0010439844440964215
2017-10-25,-0.0021273008967318255
2017-10-26,0.0012248511530785298
2017-10-27,0.013697793961735193
2017-10-30,0.0040404922256942494
2017-10-31,0.015417865598213933
2017-11-01,-0.003904627568656395
2017-11-02,-0.0030684376030090795
2017-11-03,0.028216571171227233
2017-11-06,0.0014500960141045297
2017-11-07,0.0010262963642470458
2017-11-08,0.019908730006161807
2017-11-09,-0.005813202621464368
2017-11-10,-0.013356231134035824
2017-11-13,0.01407490361634146
2017-11-14,0.008075769703403566
2017-11-15,0.00496242428364948
2017-11-16,0.012579771914076568
2017-11-17,0.004741019964196254
2017-11-20,0.01248959983393865
2017-11-21,0.009257386665411708
2017-11-22,0.006035621681731371
2017-11-24,0.02222124331197842
2017-11-27,-0.009585492658629737
2017-11-28,0.0017333480061960606
2017-11-29,-0.03251801046828512
2017-11-30,0.008346354225986313
2017-12-01,0.0067747479583644375
2017-12-04,-0.008521058383666322
2017-12-05,-0.001187918152003427
2017-12-06,0.005843321347129967
2017-12-07,0.02462874408348134
2017-12-08,0.010198778933648203
2017-12-11,0.029814315578626266
2017-12-12,0.0253289626852706
2017-12-13,0.006306720603831134
2017-12-14,-0.003941064319921994
2017-12-15,0.00721996524836072
2017-12-18,0.01821374946594775
2017-12-19,-0.006339685881522254
2017-12-20,-0.005067793703696117
2017-12-21,-0.0031042871048521173
2017-12-22,-0.026786500145472347
2017-12-26,0.016516797181028765
2017-12-27,-0.002175602354546596
2017-12-28,-0.00522254857281099
2017-12-29,0.0017873569414649094
2018-01-03,0.014167980532320707
2018-01-04,-3.966292646555877e-05
2018-01-05,0.01515424847076547
2018-01-08,0.003380428844719694
2018-01-09,0.009588811497584773
2018-01-10,-0.006058377144174792
2018-01-11,-0.003807186542605678
2018-01-12,0.01559983523336443
2018-01-16,-0.04215506524627721
2018-01-17,0.005875731296205457
2018-01-18,-0.0069978723943767565
2018-01-19,0.014493458093334714
2018-01-22,-0.0034561190004913887
2018-01-23,-8.023941891225771e-05
2018-01-24,0.006970782615403549
2018-01-25,-0.008677351269751747
2018-01-26,-0.001495294903615971
2018-01-29,-0.023969631336032665
2018-01-30,-0.016176172982498356
2018-01-31,0.0063897015657931894
2018-02-01,-0.02379778039184701
2018-02-02,-0.018162827528182737
2018-02-05,-0.05879601069900231
2018-02-06,0.0306964360448124
2018-02-07,0.008250905469816093
2018-02-08,-0.024596771417874044
2018-02-09,0.01785230493202209
2018-02-12,0.026802182398645055
2018-02-13,0.006033627992125479
2018-02-14,0.0392158979383458
2018-02-15,0.013207136963342192
2018-02-16,-0.009316628545043526
2018-02-20,0.005080313989656254
2018-02-21,-0.020428208816824615
2018-02-22,-0.004182550647829035
2018-02-23,0.017080997950931907
2018-02-26,0.02099836519252527
2018-02-27,-0.00456372006903212
2018-02-28,-0.0007896588954697196
2018-03-01,-0.0007100564458660417
2018-03-02,0.01086442075083304
2018-03-05,0.01135495503508034
2018-03-06,-0.0020361438043774672
2018-03-07,-0.01215529250538252
2018-03-08,-0.012582539629511226
2018-03-09,0.012372062051093306
2018-03-12,-0.01101683700513017
2018-03-13,-0.004671568729201674
2018-03-14,-0.01639660357100462
2018-03-15,0.0018114410723419233
2018-03-16,0.002170386492368848
2018-03-19,-0.0036443718525249287
2018-03-20,0.019498923649401853
2018-03-21,-0.0011581261199127418
2018-03-22,-0.018941606323632648
2018-03-23,-0.014504391971340815
2018-03-26,0.0028710320156592507
2018-03-27,-0.022472900105935598
2018-03-28,-0.021363856798090393
2018-03-29,-0.009020413296511388
2018-04-03,0.01765825723156537
2018-04-04,-0.009837361112660419
2018-04-05,0.005752341125896324
2018-04-06,-0.014795960490553168
2018-04-09,-0.0005052582610106334
2018-04-10,0.02364361394842208
2018-04-11,0.0009369453903701266
2018-04-12,0.029991822914165047
2018-04-13,-0.0008392737876736505
2018-04-16,-0.00028414384633779297
2018-04-17,0.01453933131123008
2018-04-18,0.009013854862204703
2018-04-19,0.0031472655940896982
2018-04-20,0.006900451183298557
2018-04-23,-0.003681473273206969
2018-04-24,0.002139117056812601
2018-04-25,-0.014361046976060738
2018-04-26,0.012191171748719762
2018-04-27,-0.0009593039308214184
2018-04-30,-0.005954455605323664
2018-05-01,-0.017725475545814186
2018-05-02,-0.005628381052980943
2018-05-03,0.021734825470898982
2018-05-04,0.011061759147549147
2018-05-07,0.00038742648824284694
2018-05-08,0.0002595852939544308
2018-05-09,0.022005163032811168
2018-05-10,0.00585442917478676
2018-05-11,-0.013246957850051842
2018-05-14,-0.00384583812187973
2018-05-15,-0.008680793805787759
2018-05-16,-0.0004363822532406844
2018-05-17,0.01068331834012394
2018-05-18,0.004155267182282193
2018-05-21,0.00614935519963667
2018-05-22,-0.013950506078579106
2018-05-23,-0.009565433917675057
2018-05-24,0.0058801258395358
2018-05-25,0.001712411490089607
2018-05-29,0.016229573960007473
2018-05-30,-0.0001992885280759464
2018-05-31,0.003395320255668314
2018-06-01,0.014059343222029598
2018-06-04,-0.0012280008923696456
2018-06-05,0.00019710099170230336
2018-06-06,0.0030576094503733473
2018-06-07,-0.009009004159683715
2018-06-08,-0.0003401276515472913
2018-06-11,0.0011313573359566654
2018-06-12,0.0009163294536564288
2018-06-13,-0.004794502430435844
2018-06-14,0.019397165140636528
2018-06-15,-0.009617458213662555
2018-06-18,0.010248852121182307
2018-06-19,0.003164257016154761
2018-06-20,0.006145626153758148
2018-06-21,-0.008300438143530871
2018-06-22,-0.025177929299462432
2018-06-25,-0.01381219117821647
2018-06-26,0.0012238245446697703
2018-06-27,-0.01257492943029812
2018-06-28,0.0026837098218136218
2018-06-29,-0.003402544107782275
2018-07-03,-0.00949257604816462
2018-07-05,0.005705348341051964
2018-07-06,0.012492988697084303
2018-07-09,-0.00016399448951408616
2018-07-10,-0.012920759994368713
2018-07-11,-0.0016428505542536356
2018-07-12,0.001977288680133072
2018-07-13,0.0019238716450531445
2018-07-16,0.008583868062999567
2018-07-17,0.014507822472971488
2018-07-18,-0.007810710265185753
2018-07-19,-0.0004350193458073791
2018-07-20,-0.006520745324378536
2018-07-23,-0.00031731627141684516
2018-07-24,-0.00022485231713732443
2018-07-25,0.010966972355024942
2018-07-26,-0.002639278742780707
2018-07-27,-0.010642236989329893
2018-07-30,-0.016321988055178906
2018-07-31,-0.008406983589684223
2018-08-01,-0.008803124516978969
2018-08-02,0.010651162036038808
2018-08-03,-0.0028266273255785953
2018-08-06,0.000925284255661173
2018-08-07,-0.005193220625169158
2018-08-08,-0.014562042681675547
2018-08-09,0.006598417452540887
2018-08-10,-0.017358245890751734
2018-08-13,-0.016337042947815374
2018-08-14,-0.0035422598702375017
2018-08-15,0.005201327585854106
2018-08-16,-0.0022820680055532605
2018-08-17,0.015864262596457953
2018-08-20,-0.0021586946921572205
2018-08-21,0.00179925292582459
2018-08-22,-0.0028618617987611152
2018-08-23,0.006240708305264609
2018-08-24,0.014192489572458437
2018-08-27,0.00785706258062229
2018-08-28,0.013150614369780116
2018-08-29,0.005352019684120845
2018-08-30,-0.005794263526950679
2018-08-31,0.003556944051033922
2018-09-04,0.008459060969029788
2018-09-05,-0.030766446680399125
2018-09-06,-0.015839328636654642
2018-09-07,-0.0025786072660920678
2018-09-10,0.003420820777606722
2018-09-11,0.0012619093665346545
2018-09-12,0.00147046154872863
2018-09-13,0.019264090605610136
2018-09-14,0.007383401193864075
2018-09-17,-0.020676884956589647
2018-09-18,0.013767678565069106
2018-09-19,-0.005400750200506631
2018-09-20,0.005439271689991973
2018-09-21,0.01556550383784561
2018-09-24,0.00308610408755093
2018-09-25,0.0024121659773356733
2018-09-26,-0.0019207308600969213
2018-09-27,0.019448033678724042
2018-09-28,-0.007611957596462279
2018-10-02,-0.014089541525096061
2018-10-03,-0.005248367238517661
2018-10-04,-0.005241636171108174
2018-10-05,-0.002214925149224404
2018-10-08,-0.007010650829160811
2018-10-09,-0.0045312032465169485
2018-10-10,-0.029961125689058413
2018-10-11,-0.01841880728389565
2018-10-12,0.016174049342485723
2018-10-15,0.00635514279679518
2018-10-16,0.019337779987735837
2018-10-17,-0.0037685508528013624
2018-10-18,-0.012810751670378831
2018-10-19,-0.014791309334404725
2018-10-22,0.005438253460987382
2018-10-23,-0.0035315223524943094
2018-10-24,-0.0252546490663432
2018-10-25,0.004228723807666562
2018-10-26,-0.01650233371818881
2018-10-29,-0.019176476162916668
2018-10-30,0.014932826480849992
2018-10-31,0.018147371175029518
2018-11-01,0.004106784230326986
2018-11-02,0.0005480302621753918
2018-11-05,0.004362902598826877
2018-11-06,0.004418661923140365
2018-11-07,0.008784400854548433
2018-11-08,-0.0002853831602228577
2018-11-09,-0.004324062955105414
2018-11-12,-0.0018602006168466191
2018-11-13,-0.005290498466464949
2018-11-14,-0.026813246903774676
2018-11-15,-0.001397015797621689
2018-11-16,0.00022258590804256646
2018-11-19,-0.030447673772013354
2018-11-20,-0.03373605454942827
2018-11-21,0.007809312628082057
2018-11-23,-0.0049359682135135825
2018-11-26,-0.01397696224748967
2018-11-27,0.011590707607330972
2018-11-28,0.024797160647202873
2018-11-29,-0.00030506525226455666
2018-11-30,-0.006583807224177021
2018-12-03,-0.015015717527839664
2018-12-04,-0.0006518619683112473
2018-12-06,-0.014469116597820509
2018-12-07,-0.008495606922112856
2018-12-10,-0.0073593473576823235
2018-12-11,-0.0016521432250013977
2018-12-12,0.0037915182884054976
2018-12-13,-0.007726057944906023
2018-12-14,-0.012964399474630229
2018-12-17,0.006906971679554803
2018-12-18,0.002338459540272187
2018-12-19,0.005817894113778455
2018-12-20,0.023015437008264545
2018-12-21,-0.017133779881047563
2018-12-24,0.0016229468482735418
2018-12-26,0.018559460167259324
2018-12-27,-0.013594989322800077
2018-12-28,0.027657763426302485
2018-12-31,-0.004510996496982314
2019-01-02,0.013421171408371575
2019-01-03,-0.012840477769287931
2019-01-04,0.007142030310138714
2019-01-07,-0.002608375996373638
2019-01-08,0.0027424032900031778
2019-01-09,0.0009455133016862915
2019-01-10,-0.0314093971048169
2019-01-11,-0.0037426094385256186
2019-01-14,0.015667910178634708
2019-01-15,-0.0070915977804583245
2019-01-16,0.004191733025398783
2019-01-17,0.004757344963385703
2019-01-18,-0.005597223849643332
2019-01-22,0.007203015389370309
2019-01-23,0.0010232581892349003
2019-01-24,-0.0021856533118163723
2019-01-25,0.006882409139110008
2019-01-28,-0.010939024879403543
2019-01-29,-0.00048500323560688965
2019-01-30,0.01160152576969853
2019-01-31,0.0013196327601582465
2019-02-01,0.0007220556031800055
2019-02-04,0.0010731072399945678
2019-02-05,0.005261952649987075
2019-02-06,-0.012301865545587801
2019-02-07,0.004515007051422862
2019-02-08,0.027538820325090602
2019-02-11,0.0026055427323481333
2019-02-12,0.0023634161790576287
2019-02-13,9.42680234233171e-05
2019-02-14,0.0021477822150714025
2019-02-15,0.0018448497588193084
2019-02-19,0.006717777436495319
2019-02-20,-0.006049686821578736
2019-02-21,-0.00346322152034312
2019-02-22,0.025448451560537128
2019-02-25,0.0011805636769386197
2019-02-26,-0.004291480051565339
2019-02-27,-0.0005206409878224915
2019-02-28,0.003604878315613245
2019-03-01,-0.0008021813660820157
2019-03-04,-0.013591842045072123
2019-03-05,0.012974836007364014
2019-03-06,-0.002553848457060832
2019-03-07,-0.002369323145090249
2019-03-08,-0.000411873102667953
2019-03-11,0.00021641614594011468
2019-03-12,0.004529021514374744
2019-03-13,0.0016611495844366725
2019-03-14,-0.00048381692829519004
2019-03-15,0.005829029340812024
2019-03-18,0.0030414366650706485
2019-03-19,0.0024526592758974345
2019-03-20,0.0051628617565388805
2019-03-21,-0.00034018411278528057
2019-03-22,-0.007263774628422181
2019-03-25,-0.0010277644873269906
2019-03-26,0.0006749903744886778
2019-03-27,0.002832857040221742
2019-03-28,-0.0011925815868517268
2019-03-29,0.008462490136397695
2019-04-02,0.03558856046735549
2019-04-03,0.017825373121653654
2019-04-04,-0.020945357565912832
2019-04-05,0.009328454465337782
2019-04-08,0.012595653679679337
2019-04-09,-0.005563648166105162
2019-04-10,0.0047373304760089585
2019-04-11,-0.02042843703176059
2019-04-12,0.0011955265599977232
2019-04-15,-0.005622816901441229
2019-04-16,0.005827068648005785
2019-04-17,-0.0025529122948577754
2019-04-18,0.006365572008718273
2019-04-22,0.007467285166167373
2019-04-23,0.012793669707456228
2019-04-24,-0.00808285855110098
2019-04-25,-0.0037065753072735583
2019-04-26,-0.004953035367400511
2019-04-29,-0.005322783624268048
2019-04-30,0.009807767205026494
2019-05-01,0.002041836338668475
2019-05-02,0.007697232644779889
2019-05-03,0.02038498898368641
2019-05-06,0.0030055326630846484
2019-05-07,0.0005032505870360866
2019-05-08,-0.0009101505025734622
2019-05-09,-7.033375494343297e-05
2019-05-10,0.008941976615461847
2019-05-13,0.022399063189879758
2019-05-14,0.002982620510577287
2019-05-15,0.02770621657040882
2019-05-16,0.009774517205452238
2019-05-17,-0.03128927640774209
2019-05-20,-0.005974825771681548
2019-05-21,0.00530903277231335
2019-05-22,-0.013228569499292159
2019-05-23,0.004310376307354546
2019-05-24,0.009823835525536064
2019-05-28,-0.0001675843490212554
2019-05-29,-0.003671075111299013
2019-05-30,-0.013981686287239503
2019-05-31,0.0094908206928601
2019-06-03,-0.014000094143846413
2019-06-04,-0.020291061034666522
2019-06-05,0.014201695733577562
2019-06-06,0.0027200312121678713
2019-06-07,0.01091233723668271
2019-06-10,0.01209831423654638
2019-06-11,-0.004800277030358991
2019-06-12,0.011986648908587418
2019-06-13,0.00761390290390595
2019-06-14,0.004443234880729598
2019-06-17,0.008017407393198114
2019-06-18,-0.007167672096258025
2019-06-19,0.008724521889374831
2019-06-20,0.0114801764748152
2019-06-21,0.01167802919028944
2019-06-24,0.00263888507276354
2019-06-25,0.005473304554078114
2019-06-26,0.015951787293810044
2019-06-27,-0.02999673801620325
2019-06-28,0.03489760212940138
2019-07-02,0.004717217479354043
2019-07-03,0.01787627043083445
2019-07-05,-0.0069092399272317785
2019-07-08,0.012051093045474862
2019-07-09,0.0010220285976808416
2019-07-10,-0.013485052109006978
2019-07-11,-0.018891258671662668
2019-07-12,0.01586080881144758
2019-07-15,-0.004577368528637764
2019-07-16,-0.028290611872741653
2019-07-17,0.006577061895490328
2019-07-18,0.02339804174284154
2019-07-19,-0.006842658091884525
2019-07-22,-0.0038987117623146984
2019-07-23,-0.0038182979137596066
2019-07-24,-0.002076467802685429
2019-07-25,0.003569905058291913
2019-07-26,-0.0043252062130433085
2019-07-29,-0.0008018592598688984
2019-07-30,0.0007211105650091648
2019-07-31,0.0215740100185978
2019-08-01,0.011088165815672199
2019-08-02,-0.00430813881063165
2019-08-05,0.004994886780075243
2019-08-06,0.008686828387387678
2019-08-07,0.021679375340216897
2019-08-08,0.003677872275378854
2019-08-09,-0.0005175761598553914
2019-08-12,-0.008226930529727521
2019-08-13,-0.00760135660890522
2019-08-14,-0.031504153749145086
2019-08-15,0.008098347984658133
2019-08-16,0.006756017685476096
2019-08-19,0.0069070816158286015
2019-08-20,0.0013306741200414835
2019-08-21,-0.013598368069776448
2019-08-22,0.0044418048513902054
2019-08-23,8.307615594025687e-05
2019-08-26,0.010246746703409
2019-08-27,-0.002104767966130572
2019-08-28,-0.015368975643330436
2019-08-29,-0.00357814226063636
2019-08-30,0.0007150466490909299
2019-09-04,0.0023212562173245605
2019-09-05,0.0002702162253680083
2019-09-06,-0.004498165613383149
2019-09-09,-0.012630826082618066
2019-09-10,-0.018025654410787992
2019-09-11,0.0026683245040057635
2019-09-12,0.01050708131326376
2019-09-13,-0.0055949183431858104
2019-09-16,0.007177352965892133
2019-09-17,0.012097835393315201
2019-09-18,-0.00025235351090581253
2019-09-19,0.006865992495127909
2019-09-20,-0.007649466412177166
2019-09-23,-0.006238988088457025
2019-09-24,-0.04231995002281951
2019-09-25,0.0015459927886278752
2019-09-26,-0.012972215783263982
2019-09-27,-0.0007217650771215011
2019-09-30,0.00908016455867033
2019-10-01,-0.0014215684914784764
2019-10-02,-0.0026144398238972764
2019-10-03,-0.000785376366746427
2019-10-04,0.008401214324613484
2019-10-07,0.007529649399632727
2019-10-08,-0.0038524549601852394
2019-10-09,0.021012423368883565
2019-10-10,-0.00039462514737900663
2019-10-11,-0.011125977996739613
2019-10-14,-0.002650125416619336
2019-10-15,-0.006998991257790738
2019-10-16,-0.0072935298649249615
2019-10-17,0.005663317864746274
2019-10-18,-0.0034200040340074704
2019-10-21,0.0036050914495563153
2019-10-22,-0.004373557546877737
2019-10-23,-0.023055746296508462
2019-10-24,0.00995641671634813
2019-10-25,0.037204928793298564
2019-10-28,-0.0028648795697747602
2019-10-29,0.002642567819672115
2019-10-30,-0.0026916897246772173
2019-10-31,-0.0039291037134581725
2019-11-01,0.007117747412175264
2019-11-04,0.0028575182958959795
2019-11-05,-0.0025566767246485342
2019-11-06,0.003118726724701818
2019-11-07,-0.009146833185822595
2019-11-08,-0.006287482627747958
2019-11-11,-0.006045533674676232
2019-11-12,0.002707244352901688
2019-11-13,0.001983868230833766
2019-11-14,4.1279721692785796e-05
2019-11-15,-0.0032655838952810163
2019-11-18,-0.004920837559478124
2019-11-19,-0.004475365620680554
2019-11-20,-0.0009344554169619886
2019-11-21,-0.022792915240079138
2019-11-22,-0.013835158114673965
2019-11-25,0.008252164307828033
2019-11-26,0.002767072258835237
2019-11-27,0.010667030664370511
2019-11-29,0.005020074152854168
2019-12-03,-0.0031639600012584204
2019-12-04,-0.0009502217078914093
2019-12-05,0.008141729681190198
2019-12-06,0.003996515877900715
2019-12-09,-0.007583794746218987
2019-12-10,-0.0012966461406561899
2019-12-11,0.002103004350019357
2019-12-12,0.004323527493224267
2019-12-13,-2.144612651093676e-05
2019-12-16,-0.007747712409991661
2019-12-17,-0.008863665821565303
2019-12-18,0.022428959005035002
2019-12-19,-0.0060983449241740605
2019-12-20,0.0034163402714389047
2019-12-23,-0.004568295156689528
2019-12-24,0.0029423459735405458
2019-12-26,0.003266186055129899
2019-12-27,0.000304579226924076
2019-12-30,-0.006322280998030559
2019-12-31,-0.0037423126801182567
2020-01-02,0.002108837032189073
2020-01-03,0.009250810964178194
2020-01-06,0.017526655754535894
2020-01-07,0.00860172337285986
2020-01-08,0.001155570543505831
2020-01-09,-0.006097888856396291
2020-01-10,0.005880659037272195
2020-01-13,0.00381019572768186
2020-01-14,0.02323392162917467
2020-01-15,0.002253616705099576
2020-01-16,0.001474514804218897
2020-01-17,0.009703647257349344
2020-01-21,0.001819608169926397
2020-01-22,0.0010215794239351473
2020-01-23,-0.004640452948910195
2020-01-24,-0.005693073105086897
2020-01-27,-0.0019401363621266978
2020-01-28,0.01378560235821033
2020-01-29,0.0039024510770936235
2020-01-30,0.009509216079506137
2020-01-31,-0.015774131127200487
2020-02-03,0.009314376820112411
2020-02-04,0.014700063687658096
2020-02-05,0.005028982914915081
2020-02-06,0.004367580918354504
2020-02-07,0.006558626420451659
2020-02-10,0.003894481432463244
2020-02-11,0.019596987051117364
2020-02-12,0.018751952487407773
2020-02-13,0.00499209798261635
2020-02-14,0.02038333510189551
2020-02-18,0.025734075532105778
2020-02-19,0.004758804211297058
2020-02-20,0.0013887430923196125
2020-02-21,-0.0007476386375192224
2020-02-24,-0.020341752835406957
2020-02-25,-0.030271337903696117
2020-02-26,-0.030662646374522845
2020-02-27,-0.014370041311351694
2020-02-28,-0.010057495611971681
2020-03-03,-0.012520485524736035
2020-03-04,0.014076902948476671
2020-03-05,0.005688355900960515
2020-03-06,0.00041257236685706203
2020-03-09,-0.03311876314807752
2020-03-10,0.011595912377006527
2020-03-11,-0.0233018948563471
2020-03-12,-0.1101621977757779
2020-03-13,0.01588151757803732
2020-03-16,-0.07775185363513587
2020-03-17,0.04497746818625824
2020-03-18,-0.0238215743930137
2020-03-19,0.05153821691260484
2020-03-20,-0.01731041558009499
2020-03-23,0.03232778921267769
2020-03-24,0.05475101161398772
2020-03-25,-0.0010304877770735531
2020-03-26,0.02103058371343626
2020-03-27,-0.0016805248894462778
2020-03-30,0.03576621543395354
2020-03-31,-0.013739461298228568
2020-04-01,-0.0020564573376651084
2020-04-02,0.026214478285472208
2020-04-03,-0.0029580570073424327
2020-04-06,0.04710324400444081
2020-04-07,-0.003388131121794264
2020-04-08,0.006994270403837174
2020-04-09,0.0048954624828146005
2020-04-13,-0.004466616458177421
2020-04-14,0.013887902378676997
2020-04-15,0.0001486036625077073
2020-04-16,0.026363576987815537
2020-04-17,-0.01108261600980009
2020-04-20,-0.01387588045461474
2020-04-21,-0.004300723618705219
2020-04-22,0.01942943853238091
2020-04-23,0.02055256031471052
2020-04-24,0.000532579326214198
2020-04-27,0.00012728893033253565
2020-04-28,-0.006232493143296375
2020-04-29,0.031583029079193546
2020-04-30,-0.005436228438330563
2020-05-01,-0.004169651398636483
2020-05-04,0.007174021027477616
2020-05-05,0.006272395404993026
2020-05-06,-0.0028117478054805766
2020-05-07,0.02001960444536737
2020-05-08,0.0035307151650453904
2020-05-11,-0.0016670216585410198
2020-05-12,0.0002441603868281565
2020-05-13,0.03185694001084327
2020-05-14,0.014597903903677585
2020-05-15,-0.010541481420994956
2020-05-18,-0.005774046782082284
2020-05-19,0.0012398041133781154
2020-05-20,0.0005838771958606714
2020-05-21,-0.02982166562222214
2020-05-22,0.009914819871263442
2020-05-26,-0.01455218483960169
2020-05-27,0.011066107323537236
2020-05-28,0.01888074096683189
2020-05-29,0.012173976038273374
2020-06-02,-0.007062636884206744
2020-06-03,0.0003366241117413616
2020-06-04,-0.0001301706315716515
2020-06-05,-0.00468805454409457
2020-06-08,0.007181072820916108
2020-06-09,0.010775519329288243
2020-06-10,0.0038724400723157302
2020-06-11,-0.041338666646458064
2020-06-12,0.007355947997175479
2020-06-15,0.009889017687799206
2020-06-16,0.00866397887087876
2020-06-17,-0.003932961127997648
2020-06-18,-0.0029735405437348265
2020-06-19,0.003080396489145109
2020-06-22,0.02116338010577608
2020-06-23,0.0011036436840275233
2020-06-24,-0.02426834846095088
2020-06-25,0.0017118716046228802
2020-06-26,-0.009902159377678897
2020-06-29,0.007834779464504933
2020-06-30,0.005760108355549195
2020-07-01,0.013832848577129943
2020-07-02,-0.0013130525675218805
2020-07-06,0.027780404274129266
2020-07-07,3.4144743025979344e-05
2020-07-08,0.02163463771691771
2020-07-09,-0.008292629476153508
2020-07-10,0.0030725189727538182
2020-07-13,-0.014448365346162076
2020-07-14,0.006382778850121484
2020-07-15,-0.0013768924530743391
2020-07-16,-0.011914464004965146
2020-07-17,0.0031540577330774764
2020-07-20,0.014263045185757977
2020-07-21,0.007722836689806945
2020-07-22,0.002280550874528734
2020-07-23,0.018808980155123552
2020-07-24,0.0003960616682909552
2020-07-27,0.06441411362339314
2020-07-28,-0.008267065579823032
2020-07-29,0.019395644581759096
2020-07-30,9.889476908568075e-05
2020-07-31,0.02007272211918095
2020-08-03,0.01042422327931486
2020-08-04,0.012560866279785868
2020-08-05,0.025839193237235887
2020-08-06,-0.0035393949333999953
2020-08-07,-0.01083578413793287
2020-08-10,-0.0016958986472648489
2020-08-11,-0.03477574605738599
2020-08-12,0.01706994975007991
2020-08-13,0.026508211724004353
2020-08-14,0.00809669534307762
2020-08-17,0.028703280951838155
2020-08-18,-0.010881272327742086
2020-08-19,-0.021489214341906898
2020-08-20,0.010746562575347753
2020-08-21,-0.016628572098998047
2020-08-24,0.0076165317687264655
2020-08-25,-0.022037258800718024
2020-08-26,0.014559136742598483
2020-08-27,-0.012966869044067235
2020-08-28,0.014381986534239917
2020-08-31,0.01009004695530711
2020-09-01,0.04239328801178775
2020-09-02,-0.03341544256041291
2020-09-03,-0.05311953368456043
2020-09-04,-0.01790847770957986
2020-09-08,-0.02386650147396608
2020-09-09,0.026864046930290243
2020-09-10,-0.0009191252662148295
2020-09-11,-0.003534763093874604
2020-09-14,0.02774031153067029
2020-09-15,0.008224097113448134
2020-09-16,0.000672267581728057
2020-09-17,0.00043295411541998015
2020-09-18,-0.00697190424137206
2020-09-21,-0.01798085324137034
2020-09-22,0.0068691749331751106
2020-09-23,-0.03440277992530657
2020-09-24,0.025214080018350404
2020-09-25,0.014369967784535635
2020-09-28,0.017089438929632425
2020-09-29,-0.008844625245615606
2020-09-30,-0.001389116170958585
2020-10-01,0.0006391716297416868
2020-10-02,-0.006941093544126073
2020-10-05,0.011805911215951346
2020-10-06,-0.015525812333883525
2020-10-07,0.008975776632135935
2020-10-08,0.014901435241122887
2020-10-09,0.019185855822192028
2020-10-12,0.020985875242413715
2020-10-13,-0.009224882050851368
2020-10-14,-0.0064914157374164295
2020-10-15,0.005168793472215795
2020-10-16,-0.011681026781843924
2020-10-19,0.006498543733734465
2020-10-20,0.0032311264424722927
2020-10-21,0.03001287898309682
2020-10-22,0.022266874206566433
2020-10-23,-0.0030392776522660207
2020-10-26,-0.013449544449557677
2020-10-27,0.02198829827356119
2020-10-28,-0.027514241707910038
2020-10-29,0.003578361558077588
2020-10-30,-0.008933441304328969
2020-11-03,0.014749186781508251
2020-11-04,0.008343748737840228
2020-11-05,0.06288238298938642
2020-11-06,0.025543514119086008
2020-11-09,-0.022085733814453945
2020-11-10,0.006549890047871271
2020-11-11,0.01827785843998936
2020-11-12,0.002097140345118341
2020-11-13,0.012818965226717683
2020-11-16,0.028631895600784274
2020-11-17,0.026932629709646765
2020-11-18,0.0019800512613659975
2020-11-19,0.003278930663481354
2020-11-20,0.027827446215764023
2020-11-23,0.01458936175322415
2020-11-24,0.016911897961659556
2020-11-25,-0.01518719583880882
2020-11-27,-0.003345586720812718
2020-11-30,0.03114251248608271
2020-12-01,-0.011038273689375117
2020-12-02,0.003418663382635918
2020-12-03,0.018193706084515385
2020-12-04,-0.016887574115207166
2020-12-07,0.004873012874512845
2020-12-08,-0.016286118741169357
2020-12-09,-0.0009606442429221113
2020-12-10,-0.005593881772606215
2020-12-11,-0.012945781975265885
2020-12-14,0.0002099731285405992
2020-12-15,0.008758921476630942
2020-12-16,0.04440995277542436
2020-12-17,0.03251133931853242
2020-12-18,0.0026742944544667193
2020-12-21,-0.007442717003332814
2020-12-22,0.010469855508746207
2020-12-23,-0.01388986382333938
2020-12-24,0.016347859579814866
2020-12-28,0.010630429847631856
2020-12-29,-0.001254882758484263
2020-12-30,0.036160287789408434
2020-12-31,0.0031505822095231123
2021-01-04,-0.002396452717634792
2021-01-05,0.05811311859618048
2021-01-06,0.042332913055401836
2021-01-07,0.046752840193698464
2021-01-08,-0.0011780955295269144
2021-01-11,-0.058385861760627475
2021-01-12,0.00817685465557453
2021-01-13,0.03851515369482601
2021-01-14,0.0275886548191342
2021-01-15,-0.032149708025965264
2021-01-19,0.032630828621927545
2021-01-20,-0.018158732039540028
2021-01-21,-0.05022842726796939
2021-01-22,0.033933840653464456
2021-01-25,-0.01017717293435971
2021-01-26,-0.006090406350084574
2021-01-27,-0.05052710171172286
2021-01-28,0.061764037748543076
2021-01-29,-0.0006725610274156378
2021-02-02,0.04938688711146861
2021-02-03,0.02878659039479583
2021-02-04,0.002680057491364561
2021-02-05,0.017276828567828365
2021-02-08,0.05569101367282349
2021-02-09,0.010223153745243727
2021-02-10,-0.005280546717420556
2021-02-11,0.015693159990382646
2021-02-12,0.01694512291140171
2021-02-16,0.0064187041492367435
2021-02-17,0.01686453577445307
2021-02-18,-0.005775767008170672
2021-02-19,0.025069847439196383
2021-02-22,-0.02067336888959719
2021-02-23,-0.03621335642215813
2021-02-24,0.01923993810318252
2021-02-25,-0.033028195155021825
2021-02-26,-0.021162748723211514
2021-03-02,-0.01837330076151104
2021-03-03,0.023946955792022443
2021-03-04,-0.024911972389793247
2021-03-05,0.0201929465993644
2021-03-08,0.013205346985345423
2021-03-09,0.018596988111507735
2021-03-10,0.010108956630383263
2021-03-11,0.01309274390181765
2021-03-12,-0.008406946122067627
2021-03-15,-0.006292613905021506
2021-03-16,-0.0048445673912216386
2021-03-17,0.019258537838977133
2021-03-18,-0.021921307796685142
2021-03-19,0.011052314897709838
2021-03-22,-0.02167350173539214
2021-03-23,-0.02484940160346373
2021-03-24,-0.007294622790844264
2021-03-25,0.0053907117435027675
2021-03-26,0.030546398053783126
2021-03-29,0.0070524847376415185
2021-03-30,0.011542157961426153
2021-03-31,0.013348034481864193
2021-04-01,0.01323754342211484
2021-04-05,0.002813866866361374
2021-04-06,0.0010456843865405845
2021-04-07,-0.014400008858134722
2021-04-08,0.007022615924150584
2021-04-09,0.006142172668213318
2021-04-12,0.0016820410435160321
2021-04-13,0.014245997183002998
2021-04-14,0.017968106943131258
2021-04-15,0.008250556008020857
2021-04-16,-0.007192134886311403
2021-04-19,-0.006112546505835358
2021-04-20,-0.0005911347455278288
2021-04-21,0.012285484626629126
2021-04-22,-0.010703801385394755
2021-04-23,0.0006369135594981746
2021-04-26,0.05092154314265031
2021-04-27,0.02260277631602383
2021-04-28,0.016176293965813986
2021-04-29,-0.004994697311597727
2021-04-30,0.0025882315110339624
2021-05-03,0.03252899850411932
2021-05-04,-0.006842825393210812
2021-05-05,0.025800591509922484
2021-05-06,0.008475041172639662
2021-05-07,0.013249998442471586
2021-05-10,-0.004265800439761152
2021-05-11,-0.0009833716173833426
2021-05-12,-0.01815549536537578
2021-05-13,-0.02359416552744456
2021-05-14,0.03034242736228606
2021-05-17,-0.00907313810793433
2021-05-18,-0.002919369806052532
2021-05-19,-0.07273582442414372
2021-05-20,0.02400518552299136
2021-05-21,-0.04331807781098928
2021-05-24,0.0843647444810935
2021-05-25,-0.008924189684815838
2021-05-26,0.025669905164466343
2021-05-27,0.006619091811379272
2021-05-28,-0.04232627981162777
2021-06-02,0.012891699520135696
2021-06-03,0.013566700085951828
2021-06-04,-0.0036759548534224303
2021-06-07,-0.01613753437555435
2021-06-08,-0.007506642551223148
2021-06-09,0.019604956972564768
2021-06-10,-0.009672883156908087
2021-06-11,-0.003495279926276746
2021-06-14,-0.001336880115741781
2021-06-15,-0.0004412411731270381
2021-06-16,-0.015425023825858473
2021-06-17,-0.03481862595589452
2021-06-18,-0.030437107684616577
2021-06-21,-0.029544778899031843
2021-06-22,0.00524902107060128
2021-06-23,0.013611210078735432
2021-06-24,0.02158487136547599
2021-06-25,-0.025702657018378008
2021-06-28,0.024124413222671955
2021-06-29,0.01107907290460329
2021-06-30,0.00355715844989353
2021-07-01,-0.013291875566209175
2021-07-02,-0.0008334342620929605
2021-07-06,-0.006555726152313916
2021-07-07,0.0032802501644303202
2021-07-08,-0.029062786608451477
2021-07-09,0.020070044010280726
2021-07-12,-0.0105086905207219
2021-07-13,-0.01262055105613549
2021-07-14,-0.0034596518899420404
2021-07-15,-0.013558559793229992
2021-07-16,-0.011667582769746504
2021-07-19,-0.024292727392765598
2021-07-20,0.007533525026647394
2021-07-21,0.03803858004504671
2021-07-22,0.006384280172731434
2021-07-23,0.007592544177628376
2021-07-26,0.02241094583094221
2021-07-27,0.0035331211265350135
2021-07-28,0.01440745277624377
2021-07-29,0.0022207039963854347
2021-07-30,0.010320410972375467
2021-08-03,0.003496926999844009
2021-08-04,0.023278709488432664
2021-08-05,0.012506417058840572
2021-08-06,0.009596695678413675
2021-08-09,0.014615740146831705
2021-08-10,0.0043797477101325455
2021-08-11,0.002959520781334257
2021-08-12,-0.010790619363106244
2021-08-13,0.029201127046299246
2021-08-16,-0.008939338672803561
2021-08-17,-0.01389161162411836
2021-08-18,-0.004690578689930031
2021-08-19,0.012469485249188391
2021-08-20,0.020129400136299682
2021-08-23,0.018772658959208887
2021-08-24,-0.013102971877835769
2021-08-25,0.007026672087487115
2021-08-26,-0.009964615560225173
2021-08-27,0.01733923805952144
2021-08-30,0.004955087355224458
2021-08-31,-0.0033164032940981463
2021-09-01,0.018723744348037582
2021-09-02,0.011352844560818174
2021-09-03,0.009055676873817274
2021-09-07,-0.040649015023337495
2021-09-08,0.001302957191823691
2021-09-09,0.0002845073154713869
2021-09-10,-0.022804240472183983
2021-09-13,-0.0069519538700335655
2021-09-14,0.0111376062532307
2021-09-15,0.020609778610169563
2021-09-16,-0.00606745906138435
2021-09-17,-0.014706826356893245
2021-09-20,-0.03637206800361144
2021-09-21,-0.013173739351662508
2021-09-22,0.023974149152005346
2021-09-23,0.01731805049772175
2021-09-24,-0.0138897052288228
2021-09-27,-0.016764109064560755
2021-09-28,-0.027871846446703936
2021-09-29,-0.005074920223540367
2021-09-30,0.01768888694102635
2021-10-01,0.0428542018164673
2021-10-04,0.002794746491584819
2021-10-05,0.02186539403881703
2021-10-06,0.0075296979958451495
2021-10-07,0.0028971164786600325
2021-10-08,-0.0025898316827773515
2021-10-11,0.007682792907493291
2021-10-12,0.0005909413076735535
2021-10-13,0.013251581043750776
2021-10-14,0.014649494308741413
2021-10-15,0.009069456813289878
2021-10-18,0.005420622370157942
2021-10-19,0.007697790093681143
2021-10-20,0.020731387159229446
2021-10-21,-0.006898889832074718
2021-10-22,-0.005211868685232142
2021-10-25,0.00846147363575963
2021-10-26,-0.001631657147554515
2021-10-27,-0.018714037143570637
2021-10-28,0.02108145424683624
2021-10-29,0.014381975736479674
2021-11-02,0.01363803163230176
2021-11-03,0.0016520450650996852
2021-11-04,0.00043682922932051626
2021-11-05,0.00512150450529556
2021-11-08,0.0203863189362846
2021-11-09,0.0008261393964951893
2021-11-10,-0.02654489308686325
2021-11-11,0.011223459334072854
2021-11-12,-0.0027482330344589458
2021-11-15,-0.00096822773058297
2021-11-16,-0.01613645187674691
2021-11-17,-0.005006257239934687
2021-11-18,-0.012252934995317846
2021-11-19,0.007905082555430439
2021-11-22,-0.01506471700091259
2021-11-23,0.012219229224589671
2021-11-24,0.0008382365387620931
2021-11-26,-0.03900349334054412
2021-11-29,0.021358430852951152
2021-11-30,-0.014722735690826366
2021-12-01,-0.017033435516319688
2021-12-02,0.009980452374367132
2021-12-03,-0.02687859651436892
2021-12-06,0.014339593329083052
2021-12-07,0.016635760282255968
2021-12-08,0.0038917805022057423
2021-12-09,-0.026414185989110127
2021-12-10,-0.000978943566897197
2021-12-13,-0.04135013727560085
2021-12-14,0.0001604087661568306
2021-12-15,0.019062203820032507
2021-12-16,-0.011501678051939069
2021-12-17,-0.015779815310587565
2021-12-20,-0.010832863677706238
2021-12-21,0.03456319268148158
2021-12-22,0.004564154129145346
2021-12-23,0.012409785219163642
2021-12-27,0.015369418466749146
2021-12-28,-0.024273704092084184
2021-12-29,-0.0071590927504400275
2021-12-30,-0.004512916452097397
2021-12-31,-0.00234548737458869
2022-01-03,-0.007418686789239917
2022-01-04,0.00943158450793501
2022-01-05,-0.03274292090062921
2022-01-06,-0.002124202965332291
2022-01-07,-0.024435070266197404
2022-01-10,-0.0097753845251155
2022-01-11,0.019533393975628754
2022-01-12,0.013801648787354051
2022-01-13,-0.014470861598976845
2022-01-14,0.005904332204777322
2022-01-18,-0.00756897407177317
2022-01-19,-0.009941175932245043
2022-01-20,-0.01484704469286186
2022-01-21,-0.04330699482821625
2022-01-24,0.0059477681332876
2022-01-25,0.0019318536586946165
2022-01-26,-0.004167026811023179
2022-01-27,-0.008452617212300161
2022-01-28,0.017108737296311457
2022-01-31,0.019205019273174636
2022-02-01,0.013028784064661753
2022-02-02,-0.0026573200272275973
2022-02-03,-0.004877475694463869
2022-02-04,0.027823234948268716
2022-02-07,0.016819803839991956
2022-02-08,0.0004137842819383697
2022-02-09,0.008618312726164612
2022-02-10,-0.012679604879992316
2022-02-11,-0.011464283686674629
2022-02-14,-0.0055206321455743505
2022-02-15,0.014517425672427024
2022-02-16,0.007420698847444189
2022-02-17,-0.02067281330899118
2022-02-18,-0.011591908232098623
2022-02-22,-0.006154061217686207
2022-02-23,-0.001770113690488717
2022-02-24,-0.006338307194764642
2022-02-25,0.02702369376859838
2022-02-28,0.03574858059952425
2022-03-01,0.009937632498318775
2022-03-02,0.003466968077019009
2022-03-03,-0.00447742171372764
2022-03-04,-0.005066889881440578
2022-03-07,-0.011514566694188148
2022-03-08,0.002195903045443745
2022-03-09,0.013074428771577887
2022-03-10,0.0033232976709171233
2022-03-11,-0.0107984718799689
2022-03-14,-0.013921413030437495
2022-03-15,0.0012552371546018229
2022-03-16,0.008441912154966456
2022-03-17,0.02672862302528001
2022-03-18,0.012632499955080992
2022-03-21,0.018919947515764465
2022-03-22,0.005475405645112879
2022-03-23,0.009100044685241575
2022-03-24,0.015407026933531166
2022-03-25,0.006347845487842865
2022-03-28,-0.00472840036630015
2022-03-29,-0.005657447392424254
2022-03-30,0.0021397119844795633
2022-03-31,-0.005185010706588431
2022-04-01,0.009803046413030791
2022-04-04,-0.0018328979458114634
2022-04-05,-0.005814741180294431
2022-04-06,-0.006955592820346974
2022-04-07,0.002139551628539698
2022-04-08,0.008400468760228425
2022-04-11,-0.023691411274589375
2022-04-12,0.009346910428202324
2022-04-13,0.01295351607206718
2022-04-14,-0.004781918610223883
2022-04-18,0.007392411172876982
2022-04-19,-0.0028144563520545425
2022-04-20,0.0015855664349717319
2022-04-21,-0.0180420821794829
2022-04-22,-0.020658974230475975
2022-04-25,-0.006846532665795548
2022-04-26,-0.016581539894324013
2022-04-27,0.006340721615013286
2022-04-28,0.011503477555633178
2022-04-29,-0.02518221116126316
2022-05-03,0.0041157899958410415
2022-05-04,0.023386639671501584
2022-05-05,-0.027799284586291367
2022-05-06,-0.00331942769342787
2022-05-09,-0.0552118939895602
2022-05-10,0.001604971506493946
2022-05-11,-0.012269712337489238
2022-05-12,-0.01623555172714316
2022-05-13,0.025116494109474446
2022-05-16,0.0019606149453400574
2022-05-17,0.013727311761346523
2022-05-18,-0.02885617276741396
2022-05-19,0.008816388334135908
2022-05-20,-0.007307614530628938
2022-05-23,0.01434141195454531
2022-05-24,0.0010425359019640267
2022-05-25,0.005810379505398379
2022-05-26,-0.00796804611375558
2022-05-27,-0.005207736040587463
2022-05-31,-0.009519218243257072
2022-06-01,-0.013783537791276265
2022-06-02,0.003169552793159477
2022-06-03,-0.007438194906994268
2022-06-06,0.009050053410892933
2022-06-07,0.0021139246501674386
2022-06-08,-0.010269412996089966
2022-06-09,-0.013224262038681184
2022-06-10,-0.012250990745848577
2022-06-13,-0.06156334548512218
2022-06-14,-0.020544945648318255
2022-06-15,0.010444954273106963
2022-06-16,-0.026476052360621324
2022-06-17,-0.010417823996799311
2022-06-21,0.013503948473960366
2022-06-22,-0.015178315389363036
2022-06-23,0.012525092062355497
2022-06-24,0.025016261981769927
2022-06-27,-0.0015277348510538127
2022-06-28,-0.0025239014784568235
2022-06-29,-0.007022492610724681
2022-06-30,-0.021428736153957906
2022-07-01,0.011776553793166155
2022-07-05,-0.0021986628244287042
2022-07-06,0.0006154121278780481
2022-07-07,0.017484555150246987
2022-07-08,-0.0026195968178036122
2022-07-11,-0.011310718767420177
2022-07-12,-0.014117929489190065
2022-07-13,0.006829211973803309
2022-07-14,0.012219212870988708
2022-07-15,0.012398292089095347
2022-07-18,0.011694259601256618
2022-07-19,0.021326055948647733
2022-07-20,-0.005146337358467365
2022-07-21,-0.0026182376043016
2022-07-22,-0.0063883930231166
2022-07-25,-0.004065032220402063
2022-07-26,-0.017864032274450232
2022-07-27,0.03170306683962805
2022-07-28,0.025782519908305282
2022-07-29,-0.0010004114953985294
2022-08-02,0.0029255849134202172
2022-08-03,-0.004961335457320398
2022-08-04,-0.011050512805336556
2022-08-05,0.012756127423856239
2022-08-08,0.008897641647870226
2022-08-09,-0.0027154533530723145
2022-08-10,0.015666479752959823
2022-08-11,0.0053571611816157745
2022-08-12,0.004172603692448658
2022-08-15,-0.006181948633807763
2022-08-16,-0.003128312416929478
2022-08-17,-0.006092924615639777
2022-08-18,0.004378635123947441
2022-08-19,-0.021160219414471396
2022-08-22,-0.009175772561293401
2022-08-23,0.014028771477794529
2022-08-24,0.0071388464756061715
2022-08-25,0.0048713911417595885
2022-08-26,-0.020053273365354535
2022-08-29,0.006916532487589275
2022-08-30,-0.012142375158879155
2022-08-31,0.0058060619497975
2022-09-01,-0.006464809015664845
2022-09-02,0.0005142611102863286
2022-09-06,-0.007872167866182112
2022-09-07,0.016908725156117535
2022-09-08,0.0006818016249029708
2022-09-09,0.013841824682944287
2022-09-12,0.005257807772183459
2022-09-13,-0.028831957225225423
2022-09-14,0.005715845128945052
2022-09-15,-0.020842824364516083
2022-09-16,-0.002276821508689475
2022-09-19,0.008126570740749368
2022-09-20,-0.013852942626247606
2022-09-21,-0.00951208799171733
2022-09-22,0.0032939213345402384
2022-09-23,-0.010476859459158164
2022-09-26,-0.001226883239037553
2022-09-27,0.0037938938625854926
2022-09-28,0.019332615224230375
2022-09-29,-0.009960714529792084
2022-09-30,-0.0008556121259946708
2022-10-03,0.015160191999002265
2022-10-04,0.021188067232274906
2022-10-05,-0.008017277101659467
2022-10-06,-0.005136075285380254
2022-10-07,-0.010722852886014687
2022-10-10,-0.00027544903946358223
2022-10-11,-0.005135286907326479
2022-10-12,-0.0025484555396421945
2022-10-13,0.0022601199710813877
2022-10-14,-0.011858171913231911
2022-10-17,0.004313025466569386
2022-10-18,0.0039003881943396332
2022-10-19,-0.008105151155301565
2022-10-20,-0.007250771552862891
2022-10-21,0.011651881166494356
2022-10-24,0.005624828995006894
2022-10-25,0.021143298861210184
2022-10-26,0.012990938439721648
2022-10-27,-0.0024415743715984145
2022-10-28,0.007026257791012246
2022-10-31,0.01010424509038892
2022-11-01,0.004958614951963439
2022-11-02,-0.014850327843342523
2022-11-03,0.006002740162619234
2022-11-04,0.028633435980016917
2022-11-07,-0.0020820679656366314
2022-11-08,-0.022617623660696827
2022-11-09,-0.03899137813737745
2022-11-10,0.04731076650271254
2022-11-11,-0.006624906457996143
2022-11-14,-0.003360447726673811
2022-11-15,0.005462369523959226
2022-11-16,-0.007920128736847285
2022-11-17,-0.003368731265952266
2022-11-18,0.002308312173764083
2022-11-21,-0.009948794063022879
2022-11-22,0.01197551324662286
2022-11-23,0.003554605281953764
2022-11-25,-0.0017056190724091724
2022-11-28,-0.013534291546425166
2022-11-29,0.009438886037626425
2022-11-30,0.020464035060624122
2022-12-01,-0.0010067354514410017
2022-12-02,0.0038511472793083404
2022-12-05,-0.01455873735671102
2022-12-06,-0.0038701132317454762
2022-12-07,-0.0020577492675090438
2022-12-08,0.008652126562589468
2022-12-09,-0.007451255578908106
2022-12-12,0.006198443410558262
2022-12-13,0.01698557760041732
2022-12-14,-0.0008785084286210808
2022-12-15,-0.02019272383740537
2022-12-16,-0.011778127937777426
2022-12-19,-0.00830334158592174
2022-12-20,0.01615091958724292
2022-12-21,0.0027498913314797117
2022-12-22,-0.007026846768162327
2022-12-23,0.0026843745873295563
2022-12-27,-0.0005236053757185325
2022-12-28,-0.011180861027924607
2022-12-29,0.006713083572730547
2022-12-30,0.0019640162137510783
2023-01-04,0.011937226279999907
2023-01-05,-0.0005174496325778166
2023-01-06,0.013727359310757088
2023-01-09,0.007698436289646748
2023-01-10,0.006768687696512734
2023-01-11,0.0019705250780450594
2023-01-12,0.022184783608551337
2023-01-13,0.01385085124223319
2023-01-17,-0.0030294689025872614
2023-01-18,-0.013730925678596947
2023-01-19,0.005157794605417513
2023-01-20,0.030492662393366562
2023-01-23,0.00442405429258195
2023-01-24,-0.003998448490554451
2023-01-25,0.007359409057452323
2023-01-26,0.0015465146790284029
2023-01-27,-0.0025748067253122554
2023-01-30,-0.020012348544885393
2023-01-31,0.010754399584043655
2023-02-01,0.014922039512758032
2023-02-02,-0.007217590099072574
2023-02-03,-0.005254091623131531
2023-02-06,-0.005049627156773202
2023-02-07,0.012128775947912224
2023-02-08,-0.006782946343229151
2023-02-09,-0.03156037784644495
2023-02-10,-0.00538487321199995
2023-02-13,0.0007977980272723152
2023-02-14,0.017380770790452332
2023-02-15,0.040875789284716066
2023-02-16,-0.004889632974066219
2023-02-17,0.008105165792250266
2023-02-21,-0.013159149101527053
2023-02-22,-0.00793482279416506
2023-02-23,-0.0032141380430892913
2023-02-24,-0.0181240393104275
2023-02-27,0.003740589533964744
2023-02-28,-0.0061607311837145445
2023-03-01,0.014735475725098972
2023-03-02,0.0008867821794212474
2023-03-03,-0.018332802161857464
2023-03-06,-0.0029683984428544655
2023-03-07,-0.0117500899216515
2023-03-08,-0.0075392869280973985
2023-03-09,-0.04391698599646065
2023-03-10,-0.00817593731092407
2023-03-13,0.03582328095257592
2023-03-14,0.015829894474346535
2023-03-15,-0.017086333870058822
2023-03-16,0.017698600338788777
2023-03-17,0.043275270663553175
2023-03-20,0.0007085744391589254
2023-03-21,0.01190410191458676
2023-03-22,-0.022999249817412984
2023-03-23,0.02391218547740052
2023-03-24,-0.018647699748270418
2023-03-27,-0.009229639020231467
2023-03-28,0.0065828487038944485
2023-03-29,0.019981719972245973
2023-03-30,0.001831791629050414
2023-03-31,0.015481091758938735
2023-04-03,-0.002865862169099923
2023-04-04,0.009990205218057786
2023-04-05,0.0013204866291475338
2023-04-06,-0.006918654208563457
2023-04-10,0.016311154930540663
2023-04-11,0.011339267304573958
2023-04-12,-0.004075181132519439
2023-04-13,0.015168589550437216
2023-04-14,0.009562958088850045
2023-04-17,-0.013126032003337187
2023-04-18,0.01501351514684956
2023-04-19,-0.024572406665967883
2023-04-20,-0.013797863956615293
2023-04-21,-0.01704301755541309
2023-04-24,-0.0018855143220408229
2023-04-25,0.006363352225046257
2023-04-26,0.0009710476553848367
2023-04-27,0.021696314056237283
2023-04-28,-0.00218320658760776
2023-05-02,0.002844179666803802
2023-05-03,0.007494128255292545
2023-05-04,-0.003335983609963698
2023-05-05,0.020456399236221518
2023-05-08,-0.015857541879127537
2023-05-09,-0.0002341055283295423
2023-05-10,0.0028571051063375126
2023-05-11,-0.012208814747402673
2023-05-12,-0.0035324820070677786
2023-05-15,0.010168573341258737
2023-05-16,-0.0063239460748730205
2023-05-17,0.0077939665895607295
2023-05-18,0.007282433796230565
2023-05-19,-0.0013537271605775475
2023-05-22,0.0025558820671984853
2023-05-23,-0.010483107071093073
2023-05-24,-0.013772454965889865
2023-05-25,0.020001391004069318
2023-05-26,0.011017197541345357
2023-05-30,0.005415678025624917
2023-05-31,-0.017479321378238155
2023-06-01,-0.00016622644193006785
2023-06-02,0.010241174010718921
2023-06-05,-0.022720627434804175
2023-06-06,0.02534735926516762
2023-06-07,-0.02386450723467297
2023-06-08,0.013101591816312215
2023-06-09,0.0028391778384650713
2023-06-12,0.003036913682071309
2023-06-13,-0.0011817669896535608
2023-06-14,-0.013022881917528557
2023-06-15,0.010656343869148786
2023-06-16,0.007863288946336415
2023-06-20,0.020161036486873243
2023-06-21,0.021245520834497638
2023-06-22,0.004830788810841111
2023-06-23,0.0056272363086462135
2023-06-26,-0.011081387053592844
2023-06-27,0.015545021424747115
2023-06-28,-0.008783335454202464
2023-06-29,0.0032630671691723733
2023-06-30,0.013039540835104115
2023-07-03,0.00894291309103465
2023-07-05,-0.003069849288159627
2023-07-06,-0.01399191735432398
2023-07-07,0.0012064503496972885
2023-07-10,0.008898683430551052
2023-07-11,0.006618157619387318
2023-07-12,-0.0033452269610135367
2023-07-13,0.021268087532669157
2023-07-14,-0.017683124666799048
2023-07-17,0.005518227942511422
2023-07-18,-8.203315700340379e-05
2023-07-19,0.00021840366134420882
2023-07-20,-0.011895031059143102
2023-07-21,-0.002785384800531288
2023-07-24,-0.011627552022695626
2023-07-25,-0.0008806376651761406
2023-07-26,0.0027721078079433366
2023-07-27,0.00048320869741178343
2023-07-28,0.011872118991959682
2023-07-31,0.002442032339446965
2023-08-01,-0.004872494238958631
2023-08-02,-0.012130870438862356
2023-08-03,-0.0029447578616935664
2023-08-04,-0.0010123562097411408
2023-08-07,0.011895163597244407
2023-08-08,0.0062771841861324895
2023-08-09,-0.030205407441210114
2023-08-10,0.00037723666304695824
2023-08-11,-0.012013012890996173
2023-08-14,0.011716131240469463
2023-08-15,-0.008745975177807988
2023-08-16,-0.01400581694728513
2023-08-17,-0.05970302423197808
2023-08-18,0.00379262166415153
2023-08-21,0.007848724055245556
2023-08-22,-0.012747984832016833
2023-08-23,0.031116670201487
2023-08-24,-0.016710343764290446
2023-08-25,-0.002576787862887083
2023-08-28,0.002154737478738145
2023-08-29,0.04232974332722575
2023-08-30,-0.0036579992823414396
2023-08-31,-0.015133553666856928
2023-09-01,-0.0058432367443920115
2023-09-05,-0.0024909575951906357
2023-09-06,-0.00202755166253461
2023-09-07,0.008262022122145203
2023-09-08,-0.0028863528668982676
2023-09-11,-0.013669620998475178
2023-09-12,0.008743999046891326
2023-09-13,0.0017847575273321943
2023-09-14,0.007107408147431755
2023-09-15,-0.008611669512895877
2023-09-18,0.004246061468946007
2023-09-19,0.002306587839888306
2023-09-20,-0.010399970505042377
2023-09-21,-0.017586799198668318
2023-09-22,0.0028515987205363406
2023-09-25,0.002590870166585096
2023-09-26,-0.009868420625015436
2023-09-27,0.0044202094468094
2023-09-28,0.012773430153601311
2023-09-29,-0.0007965271367809774
2023-10-03,-0.011654876465943077
2023-10-04,0.0072285574390421
2023-10-05,-0.006013105363495034
2023-10-06,0.014739106185137643
2023-10-09,0.0025485964636128757
2023-10-10,0.0032183906268648836
2023-10-11,0.005732891854834805
2023-10-12,-0.006003526110774248
2023-10-13,-0.0015987994690377667
2023-10-16,0.019067641198104175
2023-10-17,-0.0012057022866714322
2023-10-18,-0.00944629513715336
2023-10-19,-0.004161768799115001
2023-10-20,-0.0010329743786610893
2023-10-23,0.027385070417591133
2023-10-24,0.03624720039993316
2023-10-25,-0.009466915222557153
2023-10-26,-0.003947829463702115
2023-10-27,-0.008854649591727735
2023-10-30,0.006099261328712662
2023-10-31,0.005012711074868082
2023-11-01,0.015323227201830898
2023-11-02,-0.003287012415419039
2023-11-03,0.0033287726227617252
2023-11-06,0.010402741954992186
2023-11-07,-0.008213377410826912
2023-11-08,0.0038912337832959732
2023-11-09,0.02184541006910833
2023-11-10,0.008140853753367181
2023-11-13,-0.0003330086845435066
2023-11-14,-0.001827673655421436
2023-11-15,0.01275306102081497
2023-11-16,-0.018519746080551257
2023-11-17,0.004761270561082935
2023-11-20,0.006643123135848507
2023-11-21,-0.016579665688041888
2023-11-22,0.021463868853136996
2023-11-24,0.0036098291520660825
2023-11-27,-0.005679433828384824
2023-11-28,0.00648244769714135
2023-11-29,-0.01127416357701834
2023-11-30,0.004574137211013757
2023-12-01,0.011609279642179917
2023-12-04,0.00830452074074589
2023-12-05,0.011921144595370761
2023-12-06,-0.011469101395579802
2023-12-07,0.012765273026904889
2023-12-08,0.011276405795423288
2023-12-11,-0.023610143058517337
2023-12-12,0.00036873240070155015
2023-12-13,0.023445959294551323
2023-12-14,0.00998936578559314
2023-12-15,-0.014456279931381542
2023-12-18,0.009965401342644896
2023-12-19,0.0028649304281731297
2023-12-20,0.0013675227617676233
2023-12-21,0.01489187028129478
2023-12-22,0.007834408514728481
2023-12-26,-0.007496823071811223
2023-12-27,0.02115200013546445
2023-12-28,-0.005299903550060495
2023-12-29,-0.015536941215096928
2024-01-03,-0.03038473567796707
2024-01-04,0.013865291137898297
2024-01-05,0.0009388413638592285
2024-01-08,0.03329251714272212
2024-01-09,-0.00018971144368804243
2024-01-10,0.02475688272512034
2024-01-11,0.00539033328894796
2024-01-12,-0.024912836395035415
2024-01-16,0.008938376585067812
2024-01-17,-0.012101290865651445
2024-01-18,-0.003948267559689438
2024-01-19,0.013126368133850859
2024-01-22,-0.019131283681782293
2024-01-23,-0.008480248115463319
2024-01-24,0.00882947789113472
2024-01-25,0.00736733091179931
2024-01-26,0.007207302736478993
2024-01-29,0.019298580127914904
2024-01-30,0.0017592656883569785
2024-01-31,-0.016930948227677333
2024-02-01,0.009595674429039323
2024-02-02,0.013859460180001396
2024-02-05,0.00023382282945897667
2024-02-06,0.010347805681610962
2024-02-07,0.014219804491967344
2024-02-08,0.0073878843714728915
2024-02-09,0.015373430430817674
2024-02-12,0.017512538122145496
2024-02-13,-0.006738095968763758
2024-02-14,0.03292710417190173
2024-02-15,0.006348930433398842
2024-02-16,-0.005389903822134918
2024-02-20,-0.003164593061503131
2024-02-21,-0.012111752347299798
2024-02-22,0.02490739142923995
2024-02-23,-0.006719594831117464
2024-02-26,0.013531422298513748
2024-02-27,0.010653656589907294
2024-02-28,0.012415440696577459
2024-02-29,0.0061589862895140065
2024-03-01,0.016602954590258526
2024-03-04,0.02103456195934694
2024-03-05,-0.020986735518222596
2024-03-06,0.03128151428515724
2024-03-07,0.010592700038085361
2024-03-08,-0.0023756982094339874
2024-03-11,0.012918617050566475
2024-03-12,0.0007695059641840609
2024-03-13,0.00410508380173347
2024-03-14,-0.0133032325761756
2024-03-15,-0.016701221106567837
2024-03-18,-0.004970794066469112
2024-03-19,-0.0258412855708362
2024-03-20,0.0352321553107196
2024-03-21,0.0010502489580749858
2024-03-22,-0.01764169740761313
2024-03-25,0.014197342828279976
2024-03-26,-0.0014307059815161808
2024-03-27,-0.006404163063152959
2024-03-28,0.005041971929199472
2024-04-02,-0.023586547377094938
2024-04-03,0.013542368163394812
2024-04-04,-0.004382056105123922
2024-04-05,0.011037546323804845
2024-04-08,0.019966442857580792
2024-04-09,-0.018808719877536788
2024-04-10,-0.0039641619654798435
2024-04-11,0.008735475635792016
2024-04-12,-0.029273366275466384
2024-04-15,-0.0033523108494163366
2024-04-16,0.0023552213752622794
2024-04-17,-0.020815241738508117
2024-04-18,0.004143488535618767
2024-04-19,-0.0064468802127703485
2024-04-22,0.015242775720070687
2024-04-23,0.014340682752082647
2024-04-24,-0.01491398113953072
2024-04-25,0.005402172031511795
2024-04-26,0.0022335995501893318
2024-04-29,-0.008418781352937018
2024-04-30,-0.0404117968682276
2024-05-01,-0.019307661203613116
2024-05-02,0.012263823512941783
2024-05-03,0.026487540841644893
2024-05-06,0.006193178675877073
2024-05-07,-0.005083075286199735
2024-05-08,-0.012537078953389215
2024-05-09,0.011122465072607408
2024-05-10,-0.016527623848995913
2024-05-13,0.005224534073567085
2024-05-14,-0.006113171123934465
2024-05-15,0.03850137198866766
2024-05-16,-0.011375452735274653
2024-05-17,0.01862530223689026
2024-05-20,0.05665768747260613
2024-05-21,0.007978992709227249
2024-05-22,-0.00400316421502383
2024-05-23,-0.0006958484165644385
2024-05-24,0.00658867754268495
2024-05-28,-0.0026213622593553977
2024-05-29,-0.006758142130111765
2024-05-30,-0.0005364874061781679
2024-05-31,-0.007771511913434056
2024-06-03,0.003053629331525485
2024-06-04,0.005979326971123409
2024-06-05,0.01571939085256053
2024-06-06,-0.008770801098646934
2024-06-07,-0.014909455282943178
2024-06-10,0.010708549130673952
2024-06-11,-0.015224339827908114
2024-06-12,0.014949805740528406
2024-06-13,-0.01281229399419831
2024-06-14,-0.00874161197994282
2024-06-17,0.0020447668127427238
2024-06-18,-0.0010615468599638822
2024-06-20,-0.008778925543893312
2024-06-21,-0.00939995881198926
2024-06-24,-0.022058310977575015
2024-06-25,0.016909117455831714
2024-06-26,-0.008288183069409212
2024-06-27,0.0015092693555801354
2024-06-28,-0.015705922064385102
2024-07-02,-0.008911507058435054
2024-07-03,-0.010748489242481531
2024-07-05,-0.015726426413487933
2024-07-08,0.0031973989831229205
2024-07-09,0.0072242588493839615
2024-07-10,0.004096277781673845
2024-07-11,-0.003986873478476259
2024-07-12,0.00230522109879988
2024-07-15,0.02150473428030953
2024-07-16,0.0031601293558129557
2024-07-17,-0.013757230346693062
2024-07-18,-0.006450819454771705
2024-07-19,0.020152721453397426
2024-07-22,-0.00018681396116172495
2024-07-23,-0.00865179173919715
2024-07-24,-0.023494396740376053
2024-07-25,-0.019918803054685512
2024-07-26,0.017465709116122476
2024-07-29,0.004252414453362918
2024-07-30,-0.016412782765012575
2024-07-31,0.00400376363344666
2024-08-01,-0.014908405970130024
2024-08-02,-0.04076909081230957
2024-08-05,-0.05181510583401441
2024-08-06,0.022278904337567053
2024-08-07,-0.015772545447875347
2024-08-08,0.06072981947941601
2024-08-09,-0.002349231961152276
2024-08-12,0.008246829984891506
2024-08-13,0.014518662783961167
2024-08-14,-0.006986297313266182
2024-08-15,-0.00679683435012019
2024-08-16,0.009365257340897474
2024-08-19,0.001791391416936833
2024-08-20,-0.00721404830914577
2024-08-21,0.01349192301551988
2024-08-22,-0.004435514387277177
2024-08-23,0.03275400425395106
2024-08-26,-0.012830244970082493
2024-08-27,-0.02159925003059675
2024-08-28,-0.0015407071745863134
2024-08-29,0.0035242820852943468
2024-08-30,0.0015234225952584254
2024-09-04,-0.0008324493374118494
2024-09-05,-0.015300592810654148
2024-09-06,-0.022535200056175493
2024-09-09,0.025149929607440308
2024-09-10,0.0029371689326727103
2024-09-11,-0.0004096562829613592
2024-09-12,0.007504191884703285
2024-09-13,0.021299341390999385
2024-09-16,-0.005503388215138553
2024-09-17,0.013103632139132885
2024-09-18,0.00036112607215603616
2024-09-19,0.021068006683004077
2024-09-20,0.012147197752082967
2024-09-23,0.015569814798414336
2024-09-24,0.0017163166640114956
2024-09-25,-0.0061692315311178995
2024-09-26,0.002100540510844022
2024-09-27,0.005492246537475281
2024-09-30,-0.007792738587033138
2024-10-01,-0.01476880221953151
2024-10-02,-0.007015549034136853
2024-10-03,-0.0024071110576450528
2024-10-04,0.010579444511810731
2024-10-07,0.003396628718352463
2024-10-08,-0.001484493931185062
2024-10-09,-0.008867593303492396
2024-10-10,-0.005125249905813452
2024-10-11,0.01967740239219313
2024-10-14,0.02179756872018191
2024-10-15,0.0001095955200303629
2024-10-16,0.009812568571578202
2024-10-17,-0.0029076349708571005
2024-10-18,0.010072979632350057
2024-10-21,-0.007739239347433926
2024-10-22,-0.008554470018302535
2024-10-23,-0.013329513537896012
2024-10-24,0.018828169036124838
2024-10-25,-0.012961355199911935
2024-10-28,0.010998666697575142
2024-10-29,0.010532846980409316
2024-10-30,0.0037030701144342
2024-10-31,-0.01982664651198496
2024-11-01,-0.00846956206896135
2024-11-04,-0.003088826630413654
2024-11-05,0.02723584074867768
2024-11-06,0.054284744294440905
2024-11-07,0.015733197247572446
2024-11-08,0.01779171575001895
2024-11-11,0.03713999709694671
2024-11-12,-0.003087478116962185
2024-11-13,-0.0038805410950495346
2024-11-14,-0.018238476864484647
2024-11-15,0.014854511339141724
2024-11-18,0.011174813046668581
2024-11-19,0.00704475488360571
2024-11-20,0.005961392504655313
2024-11-21,0.03608419438948844
2024-11-22,0.005811032044877256
2024-11-25,-0.012070071603136612
2024-11-26,-0.006425488719482663
2024-11-27,0.03039032436594056
2024-11-29,0.008003105237518019
2024-12-03,0.0031079131685996914
2024-12-04,0.014073666634835036
2024-12-05,-0.007986337087601388
2024-12-06,0.023160817831208297
2024-12-09,-0.03604077862416748
2024-12-10,-0.005728289323327675
2024-12-11,0.026843365367549547
2024-12-12,-0.004888179759305429
2024-12-13,-0.00022710466255902641
2024-12-16,0.013203646133493833
2024-12-17,-0.010681275757090124
2024-12-18,-0.04751670138295906
2024-12-19,-0.015798884497622474
2024-12-20,0.012490868340746163
2024-12-23,0.005400417566264444
2024-12-24,0.018617054844466283
2024-12-26,-0.01743795904337126
2024-12-27,-0.012408576702810101
2024-12-30,-0.0042266305005979
2024-12-31,0.00021859966979263941
2025-01-02,0.010294724397529159
2025-01-03,0.020489412400058096
2025-01-06,0.008961864688745356
2025-01-07,-0.03360851502345069
2025-01-08,-0.00460698701018695
2025-01-10,0.00752764177574374
2025-01-13,-0.00681932320283619
2025-01-14,0.018962107691111504
2025-01-15,0.02511197811554456
2025-01-16,-0.0013660365024165651
2025-01-17,0.027273836738872105
2025-01-21,0.018792376579095545
2025-01-22,-0.013102271732974013
2025-01-23,0.004695546482121048
2025-01-24,0.0022364637300792724
2025-01-27,-0.025725614443306052
2025-01-28,0.008567170136519392
2025-01-29,0.009599214776302436
2025-01-30,0.01892459543434172
2025-01-31,-0.011472540853560411
2025-02-03,0.011913323730084174
2025-02-04,-0.007736269757552759
2025-02-05,0.004570805995189725
2025-02-06,0.006880691080271501
2025-02-07,-0.010685109961838076
2025-02-10,0.014137443105252945
2025-02-11,-0.015161036063903132
2025-02-12,0.02249743091827261
2025-02-13,-1.3741482570543695e-05
2025-02-14,0.0019488767620457637
2025-02-18,-0.002210682454689538
2025-02-19,0.0019323611954310963
2025-02-20,-0.006056529724026211
2025-02-21,-0.027201982420109676
2025-02-24,-0.032896443933416106
2025-02-25,-0.022635468471614788
2025-02-26,-0.019158494695986236
2025-02-27,-0.018206074351098906
2025-02-28,0.0010143448884382348
2025-03-03,-0.052306430753613735
2025-03-04,-0.010112735899989877
2025-03-05,0.013150857477144482
2025-03-06,-0.015964512631623753
2025-03-07,-0.014717787127907408
2025-03-10,-0.023541180609232278
2025-03-11,0.014544415766821975
2025-03-12,0.0003520684811635657
2025-03-13,-0.015177974217629649
2025-03-14,0.02285475347292864
2025-03-17,0.0155847779132724
2025-03-18,-0.007520868809700093
2025-03-19,0.02845384795271373
2025-03-20,-0.009662038369826412
2025-03-21,-0.005425566611865299
2025-03-24,0.020375602864555552
2025-03-25,0.0008698564449709225
2025-03-26,-0.00728093611651025
2025-03-27,0.000643541558112146
2025-03-28,-0.019883816939852576
2025-03-31,0.011413564931774381
2025-04-01,0.013203998432811656
2025-04-02,-0.0022026232566061724
2025-04-03,-0.02456476117303908
2025-04-04,-0.0257209011282444
2025-04-07,-0.0032051551463954196
2025-04-08,-0.01540523523675182
2025-04-09,0.0589954708889931
2025-04-10,-0.032163205803365
2025-04-11,0.020527409313830406
2025-04-14,0.009228667166760844
2025-04-15,-0.0006375735181537849
2025-04-16,-0.0001268186117922101
2025-04-17,-0.0004114886077955528
2025-04-21,-0.004935541599230212
2025-04-22,0.03670655752599502
2025-04-23,0.004485301828275936
2025-04-24,0.001816155175595897
2025-04-25,0.0015132580529675886
2025-04-28,0.005399524594038181
2025-04-29,-0.0013445544744668217
2025-04-30,-0.001350968746833971
2025-05-01,0.004962291808823229
2025-05-02,-0.0007347151646403078
2025-05-05,0.0029776630716729013
2025-05-06,0.0007135380085115824
2025-05-07,0.005822026428686935
2025-05-08,0.03726070557703894
2025-05-09,0.010792291773874698
2025-05-12,-0.01367749989930585
2025-05-13,0.017414979024697828
2025-05-14,-0.008628583092829389
2025-05-15,0.003843484459419887
2025-05-16,0.003586322188587969
2025-05-19,0.014928677447325164
2025-05-20,0.00442078469949881
2025-05-21,-0.00035520960702671274
2025-05-22,0.01078954550820218
2025-05-23,-0.007176296359733666
2025-05-27,0.0032433856345963903
2025-05-28,-0.004084833444581689
2025-05-29,-0.004956393462398386
2025-05-30,-0.004700917748306732
2025-06-03,0.00540391340952733
2025-06-04,-0.0009657794326190831
2025-06-05,-0.018577247951770508
2025-06-06,0.0036304592498847357
2025-06-09,0.015390889189253739
2025-06-10,0.0031629687059504365
2025-06-11,0.004018786934517899
2025-06-12,-0.010700695781020949
2025-06-13,-0.003865514390312796
2025-06-16,0.019560668922042796
2025-06-17,-0.01535868698201263
2025-06-18,0.0009110593231429184
2025-06-20,-0.006955520327316278
2025-06-23,0.02754787940034423
2025-06-24,0.00933301812489811
2025-06-25,-0.0003428996978850573
2025-06-26,0.0005615144313087139
2025-06-27,0.002787777454841816
2025-06-30,0.009488743533057498
2025-07-01,-0.023970450799054202
2025-07-02,0.02675952262374526
2025-07-03,0.007703599212419172
2025-07-07,-0.002393349349077066
2025-07-08,0.001100032004475465
2025-07-09,0.019166562127188577
2025-07-10,0.022129678058384932
2025-07-11,0.003199979043257359
2025-07-14,0.014383605965735744
2025-07-15,-0.005708506578088414
2025-07-16,0.018034796715181576
2025-07-17,0.012413203866573602
2025-07-18,-0.0010302200675267948
2025-07-21,-0.002048485737960674
2025-07-22,-0.004990329968811668
2025-07-23,0.0034818818875691684
2025-07-24,0.005260136540012127
2025-07-25,0.002398141083116155
2025-07-28,-0.0051229062636460095
2025-07-29,-0.00625580208243431
2025-07-30,0.0007640297289914855
2025-07-31,-0.0010059492159146294
2025-08-01,-0.020846599354575
2025-08-04,0.02176272980222278
2025-08-05,-0.00860186052007419
2025-08-06,0.0028265037424858516
2025-08-07,0.013155846437286851
2025-08-08,0.005840559769003128
2025-08-11,-0.0032371178405161335
2025-08-12,0.024738567241649113
2025-08-13,0.007639688025458862
2025-08-14,-0.030535476792582332
2025-08-15,-0.0037374375307393775
2025-08-18,-0.003144388412484163
2025-08-19,-0.025707766431597966
2025-08-20,0.008386123911892484
2025-08-21,-0.010002600218333256
2025-08-22,0.04207805365586416
2025-08-25,-0.022991081989743548
2025-08-26,0.020431863977462585
2025-08-27,-0.0014832384620723444
2025-08-28,0.00674812578302735
2025-08-29,-0.02107538444990832
2025-09-03,0.012472112215661193
2025-09-04,-0.0008418945131611448
2025-09-05,0.00022410127926164068
2025-09-08,0.010586719846919583
2025-09-09,-0.001067593992562957
2025-09-10,0.014876115041715932
2025-09-11,0.011161039924041848
2025-09-12,0.004971446168551881
2025-09-15,0.002453791257960058
2025-09-16,-0.001955460618475819
2025-09-17,-0.0018302603845442773
2025-09-18,0.009998208464299711
2025-09-19,-0.004823403304746406
2025-09-22,-0.013362694979690452
2025-09-23,-0.005107349150909093
2025-09-24,-0.00779681820955571
2025-09-25,-0.022723025055540854
2025-09-26,0.005958389860142855
2025-09-29,0.016675649144898545
2025-09-30,-0.0009279078293565836
2025-10-01,0.019171375875764486
2025-10-02,0.011742844744987288
2025-10-03,0.0026813737269166995
2025-10-06,0.019788648526271137
2025-10-07,-0.020816133569211803
2025-10-08,0.0077520981114917835
2025-10-09,-0.01409322007605447
2025-10-10,-0.0471747549414375
2025-10-13,0.022420000686504862
2025-10-14,-0.010744599242353211
2025-10-15,-0.0017707873821045843
2025-10-16,-0.005728039140588458
2025-10-17,-0.004247334496405607
2025-10-20,0.008408388198027675
2025-10-21,-0.013053340666454728
2025-10-22,-0.017430852394156815
2025-10-23,0.019297968356683043
2025-10-24,0.011132893787929329
2025-10-27,0.000623527343247954
2025-10-28,-0.011273061907328701
2025-10-29,0.011795382808066912
2025-10-30,-0.012078347082486156
2025-10-31,0.0033784942003736683
2025-11-03,-0.012668596075861766
2025-11-04,-0.040183671212321276
2025-11-05,0.027685958064651444
2025-11-06,-0.010338113970216896
2025-11-07,0.007695838819575764
2025-11-10,0.018726270875390173
2025-11-11,-0.012624176234081906
2025-11-12,0.0013411147171343493
2025-11-13,-0.02572716599098688
2025-11-14,-0.011922978586854514
2025-11-17,-0.008094138975136068
2025-11-18,0.0014283370408995242
2025-11-19,-0.0029589688107571005
2025-11-20,-0.02165718833916378
2025-11-21,-0.004617256384073339
2025-11-24,0.029495252904502698
2025-11-25,0.004051156284329641
2025-11-26,0.011691431492526896
2025-11-28,0.009799447189376304
2025-12-02,0.017704336761365357
2025-12-03,0.010319142709177878
2025-12-04,-0.007935471071740398
2025-12-05,-0.006979106513187169
2025-12-08,0.0031243121703153163
2025-12-09,0.015204086461565023
2025-12-10,0.006304075040789933
2025-12-11,-0.0024937937446485306
2025-12-12,-0.015407192180185825
2025-12-15,-0.007842135758332178
2025-12-16,-9.184772783222867e-05
2025-12-17,-0.011909355325329867
2025-12-18,0.0035607959391155382
2025-12-19,0.01878581509772562
2025-12-22,0.008733272567938018
2025-12-23,0.0011212960194619944
2025-12-24,6.775459619726254e-05
2025-12-26,0.003552150749373829
2025-12-29,-0.012920687136955445
2025-12-30,0.0030160192300227413
2025-12-31,-0.004885388396035122
